record_index,record_offset,record_offset_hex,sig8,body_prefix,tail_sig8,tail_delta,prev_0b_delta,next_0d_delta,u32_008,u32_008_hex,u32_018,u32_018_hex,u32_024,u32_024_hex,u32_054,u32_054_hex,u32_06C,u32_06C_hex,u32_088,u32_088_hex,u32_100,u32_100_hex,u32_154,u32_154_hex
0,48602151,0x02E59C27,0000010c43fc6ff3,d6cd,0000010d423fce81,27016,1337,27016,896191958,0x356ACDD6,3793612078,0xE21DED2E,2756818636,0xA451B6CC,3255255044,0xC2074004,4172167548,0xF8AE397C,2061619246,0x7AE1D02E,3982605009,0xED61BAD1,3100278242,0xB8CA7DE2
1,172081806,0x0A41C28E,0000010c43fc6f8b,2402,0000010d43fc9bb2,1496,979,1496,3835298340,0xE49A0224,4174411427,0xF8D076A3,3485875877,0xCFC63EA5,376049807,0x166A108F,877667835,0x345025FB,3111463277,0xB975296D,261878887,0x0F9BF467,3280990903,0xC38FF2B7
2,173118428,0x0A5193DC,0000010c43fc6f85,4805,0000010d436831d8,14532,1014,14532,3358917960,0xC8350548,1742555813,0x67DD4AA5,452695082,0x1AFB942A,1921904878,0x728DF0EE,2834621034,0xA8F4E26A,4080531542,0xF337F856,253817179,0x0F20F15B,1461406116,0x571B49A4
3,173286508,0x0A54246C,0000010c43fc6f25,9201,0000010d43fc93b2,1681,13756,1681,2739732882,0xA34D0192,3685363820,0xDBAA306C,3964906112,0xEC53AA80,3061933591,0xB6816617,3308837000,0xC538D888,28187505,0x01AE1B71,2214203360,0x83FA0FE0,4294089683,0xFFF29BD3
4,173723539,0x0A5ACF93,0000010c43fc6f8b,2402,0000010d425ff977,28716,38193,28716,4103733796,0xF49A0224,2858133772,0xAA5BA90C,452695082,0x1AFB942A,4043864073,0xF1087809,454273268,0x1B13A8F4,696258608,0x29801030,661431736,0x276CA5B8,2198495353,0x830A6079
5,175267938,0x0A726062,0000010c43fc6f85,4039,0000010d43fc794b,811,812,811,1336817984,0x4FAE3940,2326170493,0x8AA68B7D,3273913082,0xC323F2FA,3173889183,0xBD2DB49F,229921530,0x0DB452FA,2447181632,0x91DD0740,2194865229,0x82D2FC4D,971306536,0x39E4F628
6,175317904,0x0A732390,0000010c43fc6f92,c807,0000010d43fc7943,899,14504,899,2218133448,0x843607C8,3915308828,0xE95EDF1C,2294087374,0x88BCFECE,1788273178,0x6A96E21A,2625524722,0x9C7E53F2,2669439556,0x9F1C6A44,998220620,0x3B7FA34C,1062710191,0x3F57ABAF
7,176042623,0x0A7E327F,0000010c43fc6f91,201c,0000010d427d261e,32600,51042,32600,567745568,0x21D71C20,3514085743,0xD174B16F,4035493086,0xF088BCDE,3058700144,0xB6500F70,884339739,0x34B5F41B,2414673609,0x8FECFEC9,604145344,0x240286C0,2002485165,0x775B7FAD
8,176175688,0x0A803A48,0000010c43fc6f92,c900,0000010d43fc7943,1455,930,1455,3181773001,0xBDA600C9,13410156,0x00CC9F6C,3134844380,0xBAD9EDDC,2545375864,0x97B75A78,3655385967,0xD9E0C36F,3709215940,0xDD1624C4,2583911337,0x9A035BA9,1208633715,0x480A4973
9,176241451,0x0A813B2B,0000010c43fc6f92,c900,0000010d43fc7961,1472,987,1472,3181773001,0xBDA600C9,3134666599,0xBAD73767,1147072435,0x445EEFB3,1537739097,0x5BA80959,2912452131,0xAD987E23,3371081712,0xC8EE9FF0,1220476147,0x48BEFCF3,4108060256,0xF4DC0660
10,176784835,0x0A8985C3,0000010c43fc6f91,201c,0000010d42d9b68f,22606,1227,22606,567745568,0x21D71C20,3514085743,0xD174B16F,740470648,0x2C22AF78,2703647837,0xA126645D,4095422727,0xF41B3107,970229892,0x39D48884,152467867,0x0916799B,2073776997,0x7B9B5365
11,176873690,0x0A8AE0DA,0000010c43fc6f92,c807,0000010d43fc7943,1671,27002,1671,3358918600,0xC83507C8,3552427577,0xD3BDBE39,293193043,0x1179C553,2782956976,0xA5E08DB0,2616348891,0x9BF250DB,2448426345,0x91F00569,3084479685,0xB7D96CC5,2977260464,0xB17563B0
12,176958654,0x0A8C2CBE,0000010c43fc6f92,c807,0000010d43fc7961,1684,1213,1684,3895789512,0xE83507C8,886959259,0x34DDEC9B,2345200623,0x8BC8EBEF,3557443967,0xD40A497F,1442077669,0x55F45BE5,1849041505,0x6E362261,296134149,0x11A6A605,168821340,0x0A10025C
13,177119665,0x0A8EA1B1,0000010c43fc6f8b,2402,0000010d43683190,7598,871,7598,4103733796,0xF49A0224,4267047910,0xFE55FBE6,1147072848,0x445EF150,3547368848,0xD3708D90,368417778,0x15F59BF2,1880658352,0x701891B0,2979358069,0xB1956575,2938320627,0xAF2336F3
14,177509007,0x0A94928F,0000010c43fc6f92,c900,0000010d43fc7b43,1372,780,1372,3181773001,0xBDA600C9,402384544,0x17FBE6A0,814397210,0x308AB71A,2819078214,0xA807B846,183056165,0x0AE93725,121698521,0x0740F8D9,2697787867,0xA0CCF9DB,4126336704,0xF5F2E6C0
15,177571610,0x0A95871A,0000010c43fc6f8b,2402,0000010d43fc7943,1421,796,1421,4103733796,0xF49A0224,3914784540,0xE956DF1C,593296809,0x235CFDA9,1529348538,0x5B2801BA,1237264889,0x49BF29F9,3447661032,0xCD7F21E8,1935811477,0x73622395,922672668,0x36FEDE1C
16,177688052,0x0A974DF4,0000010c43fc6f92,c900,0000010d4358e90c,7203,18732,7203,3181773001,0xBDA600C9,2935344537,0xAEF5CD99,3370905452,0xC8EBEF6C,3449842564,0xCDA06B84,2766115868,0xA4DF941C,521868776,0x1F1B15E8,3482989403,0xCF9A335B,456721704,0x1B390528
17,178122482,0x0A9DEEF2,0000010c43fc6f92,c807,0000010d43fc7943,1388,16451,1388,3895789512,0xE83507C8,3514085743,0xD174B16F,4035493086,0xF088BCDE,3496845654,0xD06DA156,443082228,0x1A68E5F4,2447181632,0x91DD0740,795834945,0x2F6F7A41,3681411489,0xDB6DE1A1
18,178188974,0x0A9EF2AE,0000010c43fc6f91,201c,0000010d43fc7943,1341,787,1341,668408864,0x27D71C20,878570651,0x345DEC9B,1008906167,0x3C22AFB7,14642593,0x00DF6DA1,886082281,0x34D08AE9,75261159,0x047C64E7,2758732832,0xA46EEC20,1839551158,0x6DA552B6
19,178252192,0x0A9FE9A0,0000010c43fc6f92,c807,0000010d425e418f,10634,20213,10634,3895789512,0xE83507C8,3915570972,0xE962DF1C,293191119,0x1179BDCF,1447623235,0x5648FA43,3547318851,0xD36FCA43,3460703452,0xCE4624DC,3781348187,0xE162CB5B,1253337472,0x4AB46980
20,178315593,0x0AA0E149,0000010c43fc6f92,c900,0000010d43fc7943,1367,11682,1367,3181773001,0xBDA600C9,3134758144,0xBAD89D00,2294087372,0x88BCFECC,1782956315,0x6A45C11B,2782877945,0xA5DF58F9,3145712209,0xBB7FC251,3565289704,0xD48200E8,3156823155,0xBC294C73
21,178384476,0x0AA1EE5C,0000010c43fc6f92,c900,0000010d4276feec,19200,22721,19200,3181773001,0xBDA600C9,4009086361,0xEEF5CD99,3370905452,0xC8EBEF6C,766812021,0x2DB49F75,1397669649,0x534EBF11,3145712209,0xBB7FC251,2412522351,0x8FCC2B6F,4263131002,0xFE1A377A
22,178532071,0x0AA42EE7,0000010c43fc6f91,2015,0000010d43fc7743,1442,953,1442,3826914592,0xE41A1520,4160415392,0xF7FAE6A0,3269988149,0xC2E80F35,2131262333,0x7F087B7D,3544198053,0xD3402BA5,419445938,0x19003CB2,3967593372,0xEC7CAB9C,3897381144,0xE84D5118
23,178892516,0x0AA9AEE4,0000010c43fc6f92,c807,0000010d4368314c,59385,826,59385,3895789512,0xE83507C8,886959259,0x34DDEC9B,3273886974,0xC3238CFE,2245681653,0x85DA61F5,346576464,0x14A85650,582684544,0x22BB0F80,82603653,0x04EC6E85,1565735647,0x5D533ADF
24,178965752,0x0AAACCF8,0000010c43fc6f85,4039,0000010d43fc794b,871,14391,871,1336817984,0x4FAE3940,2326170493,0x8AA68B7D,3273913082,0xC323F2FA,3173889183,0xBD2DB49F,229921530,0x0DB452FA,2447181632,0x91DD0740,4093727979,0xF40154EB,242081306,0x0E6DDE1A
25,179023206,0x0AABAD66,0000010c43fc6f92,c807,0000010d43d84188,35471,26537,35471,2218133448,0x843607C8,3915308828,0xE95EDF1C,2294087374,0x88BCFECE,1788273178,0x6A96E21A,2625524722,0x9C7E53F2,2669439556,0x9F1C6A44,2022375712,0x788B0120,4209414235,0xFAE6905B
26,179231536,0x0AAEDB30,0000010c43fc6f92,c807,0000010d43fc7943,1189,"(-1, -1)",1189,3358918600,0xC83507C8,3514085231,0xD174AF6F,4035493086,0xF088BCDE,1846277376,0x6E0BF500,3544198054,0xD3402BA6,100725623,0x0600F377,2833969318,0xA8EAF0A6,4151764846,0xF776E76E
27,179674492,0x0AB59D7C,0000010c43fc6f91,201c,0000010d43fc7943,1425,848,1425,567745568,0x21D71C20,3514085743,0xD174B16F,4035493086,0xF088BCDE,3058700144,0xB6500F70,884339739,0x34B5F41B,2414673609,0x8FECFEC9,864400353,0x3385B3E1,2967071261,0xB0D9EA1D
28,179735786,0x0AB68CEA,0000010c43fc6f92,c807,0000010d427bbc4c,16646,912,16646,3895789512,0xE83507C8,3915570972,0xE962DF1C,2402319011,0x8F307AA3,246103940,0x0EAB3F84,838686223,0x31FD560F,2470677832,0x93438D48,404068867,0x18159A03,0,0x00000000
29,179881906,0x0AB8C7B2,0000010c43fc6f92,c900,0000010d43fc7961,1503,24394,1503,3181773001,0xBDA600C9,3134666599,0xBAD73767,1147072435,0x445EEFB3,1537739097,0x5BA80959,2912452131,0xAD987E23,3371081712,0xC8EE9FF0,3978542085,0xED23BC05,2148569273,0x801090B9
30,180467835,0x0AC1B87B,0000010c43fc6f91,201c,0000010d43fc7943,1694,1251,1694,567745568,0x21D71C20,3430396271,0xCC77B16F,1167861982,0x459C28DE,1782765109,0x6A42D635,4215720961,0xFB46CC01,1133332696,0x438D48D8,2542652170,0x978DCB0A,0,0x00000000
31,180557302,0x0AC315F6,0000010c43fc6f91,201c,0000010d43fc7943,1576,46132,1576,2715229216,0xA1D71C20,3514085743,0xD174B16F,1480875761,0x58445EF1,184422646,0x0AFE10F6,937796022,0x37E5A1B6,462532631,0x1B91B017,1965245292,0x7523436C,90576395,0x0566160B
32,180791327,0x0AC6A81F,0000010c43fc6f8b,2402,0000010d43fc7943,1572,1021,1572,4103733796,0xF49A0224,4267047910,0xFE55FBE6,603097751,0x23F28A97,2592500612,0x9A866B84,3763447678,0xE051A77E,1115734920,0x4280C388,3864299948,0xE65489AC,2071973369,0x7B7FCDF9
33,180862850,0x0AC7BF82,0000010c43fc6f85,4805,0000010d43fc774b,1514,16249,1514,2218132808,0x84360548,3317578088,0xC5BE3968,3488263450,0xCFEAAD1A,269940125,0x1016F59D,1195244966,0x473DFDA6,270533690,0x1020043A,1538617662,0x5BB5713E,4137355680,0xF69B09A0
34,181201343,0x0ACCE9BF,0000010c43fc6f91,2402,0000010d42906331,42352,44455,42352,4103733796,0xF49A0224,1575787395,0x5DEC9B83,1159251235,0x4518C523,2239397995,0x857A806B,1380433705,0x5247BF29,276706850,0x107E3622,570477119,0x2200CA3F,466984494,0x1BD59E2E
35,181269256,0x0ACDF308,0000010c43fc6f8b,2402,0000010d43fc7943,1406,61256,1406,4103733796,0xF49A0224,3914784540,0xE956DF1C,593296809,0x235CFDA9,1529348538,0x5B2801BA,1237264889,0x49BF29F9,3447661032,0xCD7F21E8,2225115615,0x84A091DF,527852464,0x1F7663B0
36,181858884,0x0AD6F244,0000010c43fc6f92,c807,0000010d43fc7943,1397,59737,1397,3895789512,0xE83507C8,3514085743,0xD174B16F,4035493086,0xF088BCDE,3496845654,0xD06DA156,443082228,0x1A68E5F4,2447181632,0x91DD0740,4174005804,0xF8CA462C,699861986,0x29B70BE2
37,181920940,0x0AD7E4AC,0000010c43fc6f91,201c,0000010d43fc7943,1364,25191,1364,668408864,0x27D71C20,878570651,0x345DEC9B,1008906167,0x3C22AFB7,14642593,0x00DF6DA1,886082281,0x34D08AE9,75261159,0x047C64E7,4026330457,0xEFFCED59,3646590859,0xD95A8F8B
38,181992331,0x0AD8FB8B,0000010c43fc6f92,c807,0000010d425e418f,11925,"(-1, -1)",11925,3895789512,0xE83507C8,3915570972,0xE962DF1C,293191119,0x1179BDCF,1447623235,0x5648FA43,3547318851,0xD36FCA43,3460703452,0xCE4624DC,1867102229,0x6F49B815,1645682075,0x62171D9B
39,182067250,0x0ADA2032,0000010c43fc6f92,c900,0000010d429061db,12990,18609,12990,3181773001,0xBDA600C9,3134754048,0xBAD88D00,2294087372,0x88BCFECC,1782956315,0x6A45C11B,2782877945,0xA5DF58F9,3145712209,0xBB7FC251,4002221644,0xEE8D0E4C,2776198321,0xA5796CB1
40,182141558,0x0ADB4276,0000010c43fc6f92,c900,0000010d4276feec,19081,29114,19081,3181773001,0xBDA600C9,4009086361,0xEEF5CD99,3370905452,0xC8EBEF6C,766812021,0x2DB49F75,1397669649,0x534EBF11,3145712209,0xBB7FC251,2080383464,0x7C0021E8,640321627,0x262A885B
41,182280115,0x0ADD5FB3,0000010c43fc6f91,2015,0000010d425da1be,41108,30796,41108,3826914592,0xE41A1520,4209418379,0xFAE6A08B,3893310966,0xE80F35F6,142310695,0x087B7D27,1076602335,0x402BA5DF,3977979,0x003CB2FB,3726428201,0xDE1CC829,2217502154,0x842C65CA
42,182622550,0x0AE29956,0000010c43fc6f92,c807,0000010d43fc7943,780,811,780,3895789512,0xE83507C8,886959259,0x34DDEC9B,3273886974,0xC3238CFE,2245681653,0x85DA61F5,346576464,0x14A85650,582684544,0x22BB0F80,805624205,0x3004D98D,3666710434,0xDA8D8FA2
43,182683956,0x0AE38934,0000010c43fc6f91,201c,0000010d43fc7943,853,27151,853,668408864,0x27D71C20,878570651,0x345DEC9B,1008906231,0x3C22AFF7,3714949629,0xDD6DA1FD,61709438,0x03AD9C7E,3002804028,0xB2FB273C,3071955520,0xB71A5240,2484346844,0x94141FDC
44,183013084,0x0AE88EDC,0000010c43fc6f91,2402,0000010d43fc7743,1331,803,1331,3835298340,0xE49A0224,2586246086,0x9A26FBC6,421421332,0x191E6114,91764821,0x05783855,2990779597,0xB243ACCD,1209175375,0x48128D4F,2283104305,0x88156831,4072594600,0xF2BEDCA8
45,186000618,0x0B1624EA,0000010c43fc6f8b,2015,0000010d4321dadd,15585,1019,15585,3826914592,0xE41A1520,1746594843,0x681AEC1B,3273912970,0xC323F28A,4201688790,0xFA70AED6,2510103149,0x959D226D,294798563,0x119244E3,3264114489,0xC28E6F39,2074637467,0x7BA8749B
46,198658919,0x0BD74B67,0000010c43fc6f91,201c,0000010d43fc7961,796,13972,796,2815892512,0xA7D71C20,1293417446,0x4D17FBE6,293193019,0x1179C53B,3411655901,0xCB59BCDD,3410337614,0xCB459F4E,3709655198,0xDD1CD89E,964529421,0x397D8D0D,3009096451,0xB35B2B03
47,198881005,0x0BDAAEED,0000010c43fc6f8b,2402,0000010d43fc7743,1296,19974,1296,4103733796,0xF49A0224,1957774848,0x74B14600,1147039667,0x445E6FB3,1588985871,0x5EB6000F,1532222649,0x5B53DCB9,3410886657,0xCB4E0001,539099136,0x20220000,3137455174,0xBB01C446
48,199271852,0x0BE0A5AC,0000010c43fc6f91,2402,0000010d43fc7743,1409,942,1409,4103733796,0xF49A0224,402347702,0x17FB56B6,2042968859,0x79C53B1B,1336371853,0x4FA76A8D,1723893133,0x66C0858D,864030944,0x338010E0,2117496708,0x7E366F84,4239439702,0xFCB0B756
49,199342123,0x0BE1B82B,0000010c43fc6f91,2402,0000010d43fc7761,1461,17256,1461,4103733796,0xF49A0224,3723254713,0xDDEC5BB9,3826642796,0xE415EF6C,2105088,0x00201F00,423903477,0x194440F5,2228051831,0x84CD5F77,561470226,0x21775B12,2385810045,0x8E34927D
50,199480598,0x0BE3D516,0000010c43fc6f91,2402,0000010d42487586,11917,21660,11917,4103733796,0xF49A0224,4009135511,0xEEF68D97,4069156662,0xF28A6736,1839332804,0x6DA1FDC4,1292064184,0x4D0355B8,285842367,0x11099BBF,835773150,0x31D0E2DE,509523712,0x1E5EB700
51,199619809,0x0BE5F4E1,0000010c43fc6f91,2402,0000010d42486543,12610,932,12610,4103733796,0xF49A0224,2724835951,0xA269B26F,434555883,0x19E6CBEB,9148171,0x008B970B,4139824625,0xF6C0B5F1,796922040,0x2F8010B8,3838118880,0xE4C50BE0,622291028,0x25176854
52,199767301,0x0BE83505,0000010c43fc6f92,c900,0000010d425abe48,30802,1206,30802,3114664137,0xB9A600C9,1171506622,0x45D3C5BE,3273912954,0xC323F27A,3161194782,0xBC6C011E,2989313243,0xB22D4CDB,2214612846,0x84004F6E,1197151171,0x475B13C3,1035940248,0x3DBF3198
53,200020236,0x0BEC110C,0000010c43fc6f85,4805,0000010d43fc7761,1734,13420,1734,3912566088,0xE9350548,3134863150,0xBADA372E,538836992,0x201E0000,754974720,0x2D000000,4072522895,0xF2BDC48F,3508542977,0xD1201E01,1539046094,0x5BBBFACE,3097689733,0xB8A2FE85
54,200103086,0x0BED54AE,0000010c43fc6f91,2402,0000010d43fc7761,1578,18348,1578,4103733796,0xF49A0224,3196812659,0xBE8B7D73,3796169046,0xE244F156,979569645,0x3A630BED,2564764983,0x98DF3537,1074322546,0x4008DC72,2036560073,0x796370C9,2168997672,0x81484728
55,200181414,0x0BEE86A6,0000010c43fc6f91,2402,0000010d437f4184,8756,31019,8756,4103733796,0xF49A0224,939247141,0x37FBC625,4069168922,0xF28A971A,266342800,0x0FE01190,3744104920,0xDF2A81D8,2926335136,0xAE6C54A0,3540078602,0xD301500A,1377201930,0x52166F0A
56,200568764,0x0BF46FBC,0000010c43fc6f85,4805,0000010d43fc7543,1584,39391,1584,3358917960,0xC8350548,714758126,0x2A9A57EE,2252858613,0x8647E4F5,18763477,0x011E4ED5,530346723,0x1F9C72E3,1394513974,0x531E9836,1912550182,0x71FF3326,2617031405,0x9BFCBAED
57,200926716,0x0BF9E5FC,0000010c43fc6f8b,2402,0000010d4320c7f6,10845,51494,10845,4103733796,0xF49A0224,2858990296,0xAA68BAD8,3346302123,0xC77484AB,2100978573,0x7D3A638D,3535081751,0xD2B51117,3259859406,0xC24D81CE,2240242304,0x85876280,2628610089,0x9CAD6829
58,201060098,0x0BFBEF02,0000010c43fc6f91,2402,0000010d43fc7943,1463,22195,1463,1117454884,0x429B0224,4134396306,0xF66DE192,2323068662,0x8A7736F6,656277807,0x271E012F,447255165,0x1AA8927D,928170693,0x3752C2C5,3633452099,0xD8921443,4172888353,0xF8B93921
59,201334369,0x0C001E61,0000010c43fc6f92,c900,0000010d42483148,7750,12356,7750,3114664137,0xB9A600C9,878570523,0x345DEC1B,1008906231,0x3C22AFF7,2182080362,0x820FE76A,3322398684,0xC607C7DC,1920671851,0x727B206B,3355523294,0xC80138DE,2087436910,0x7C6BC26E
60,201551893,0x0C037015,0000010c43fc6f85,4805,0000010d43fc7743,1428,16610,1428,3912566088,0xE9350548,3742795129,0xDF168579,2020041631,0x7867639F,2947960847,0xAFB6500F,3610529925,0xD7345085,3267711744,0xC2C55300,984904993,0x3AB47521,923095582,0x3705521E
61,201621930,0x0C0481AA,0000010c43fc6f8b,2402,0000010d43fc7743,1370,22659,1370,4103733796,0xF49A0224,2794159475,0xA68B7D73,2294080157,0x88BCE29D,5203818,0x004F676A,2995588878,0xB28D0F0E,4150658320,0xF7660510,3353327398,0xC7DFB726,1527794194,0x5B104A12
62,201901838,0x0C08C70E,0000010c43fc6f92,c900,0000010d43fc754b,1419,23407,1419,3181773001,0xBDA600C9,878570651,0x345DEC9B,512874463,0x1E91D7DF,290504044,0x1150BD6C,1536702066,0x5B983672,3162046852,0xBC790184,4248094530,0xFD34C742,1532804751,0x5B5CBE8F
63,202062535,0x0C0B3AC7,0000010c43fc6f91,2402,0000010d43fc774b,1509,1216,1509,3835298340,0xE49A0224,3915833176,0xE966DF58,1192803791,0x4718BDCF,3770923354,0xE0C3B95A,95451833,0x05B07AB9,969239563,0x39C56C0B,3933031737,0xEA6D4D39,2822241559,0xA837FD17
64,202189731,0x0C0D2BA3,0000010c43fc6f92,c900,0000010d43fc754b,1242,14231,1242,3114664137,0xB9A600C9,1429528043,0x5534DDEB,863585374,0x3379445E,767607689,0x2DC0C389,2204855820,0x836B6E0C,4131444372,0xF640D694,2062640896,0x7AF16700,2439882260,0x916DA614
65,202387001,0x0C102E39,0000010c43fc6f8b,2402,0000010d43fc7961,942,937,942,4103733796,0xF49A0224,3134732135,0xBAD83767,3358318297,0xC82BDED9,2452476960,0x922DD420,1549588552,0x5C5CD848,0,0x00000000,3062455469,0xB6895CAD,4121718328,0xF5AC6E38
66,202454453,0x0C1135B5,0000010c43fc6f85,4805,0000010d42b921cc,6942,914,6942,2218132808,0x84360548,4136486396,0xF68DC5FC,2323068662,0x8A7736F6,328171580,0x138F803C,4003185302,0xEE9BC296,3154382850,0xBC041002,1895825408,0x71000000,3649900493,0xD98D0FCD
67,202599771,0x0C136D5B,0000010c43fc6f91,2402,0000010d43fc7943,1291,63377,1291,1117454884,0x429B0224,3056114863,0xB6289CAF,2266692500,0x871AFB94,766812024,0x2DB49F78,2926158026,0xAE69A0CA,2053167688,0x7A60DA48,4127408161,0xF6034021,842476237,0x32372ACD
68,202678169,0x0C149F99,0000010c43fc6f8b,2402,0000010d43fc7743,1382,925,1382,4103733796,0xF49A0224,3514085743,0xD174B16F,2017746543,0x78445E6F,2824779264,0xA85EB600,1583043548,0x5E5B53DC,947036935,0x3872A307,3058105926,0xB646FE46,1729589067,0x67176F4B
69,203388545,0x0C1F7681,0000010c43fc6f91,2402,0000010d43fc7743,1670,13091,1670,4103733796,0xF49A0224,2935393687,0xAEF68D97,4069160758,0xF28A7736,1516453873,0x5A633FF1,3544225261,0xD34095ED,1411066337,0x541B29E1,2408333912,0x8F8C4258,3987120647,0xEDA6A207
70,203555374,0x0C22022E,0000010c43fc6f91,2402,0000010d43fc7743,1604,45059,1604,3835298340,0xE49A0224,357405565,0x154D937D,818117753,0x30C37C79,1409330071,0x5400AB97,2180432053,0x81F6C0B5,925859856,0x372F8010,3163029952,0xBC8801C0,2447571176,0x91E2F8E8
71,204007976,0x0C28EA28,0000010c43fc6f85,4805,0000010d43fc7761,1651,26552,1651,3912566088,0xE9350548,3134863150,0xBADA372E,3358318297,0xC82BDED9,2986702904,0xB2057838,525692186,0x1F556D1A,2340900716,0x8B874F6C,3573690604,0xD50230EC,621837753,0x25107DB9
72,204108729,0x0C2A73B9,0000010c43fc6f91,2402,0000010d43fc7761,1712,15070,1712,4103733796,0xF49A0224,2794159475,0xA68B7D73,293193035,0x1179C54B,1488805104,0x58BD5CF0,3062223245,0xB685D18D,608952317,0x244BDFFD,3793919854,0xE2229F6E,353795837,0x15167EFD
73,204296183,0x0C2D4FF7,0000010c43fc6f91,201c,0000010d43fc7943,1692,19483,1692,2715229216,0xA1D71C20,3586060786,0xD5BEF1F2,1585424817,0x5E7FA9B1,905319311,0x35F6138F,1536770156,0x5B99406C,318129007,0x12F6436F,2370616894,0x8D4CBE3E,262206491,0x0FA0F41B
74,204672881,0x0C330F71,0000010c43fc6f85,4805,0000010d43fc7562,1676,54890,1676,3358917960,0xC8350548,2725895549,0xA279DD7D,2961751294,0xB088BCFE,1812012622,0x6C011E4E,3124574437,0xBA3D38E5,937787754,0x37E5816A,3119575766,0xB9F0F2D6,567360898,0x21D13D82
75,204947217,0x0C373F11,0000010c43fc6f85,4039,0000010d43fc7943,1570,14216,1570,648952128,0x26AE3940,4267047878,0xFE55FBC6,1147072972,0x445EF1CC,2407569248,0x8F809760,1793051141,0x6ADFCA05,3651682367,0xD9A8403F,1176984757,0x46275CB5,2183614159,0x82274ECF
76,205032938,0x0C388DEA,0000010c43fc6f91,2402,0000010d43fc7943,1513,44664,1513,1117454884,0x429B0224,2081946598,0x7C17FBE6,579658413,0x228CE2AD,3550074472,0xD399D668,3224822498,0xC036E2E2,60236,0x0000EB4C,3085788842,0xB7ED66AA,3849319085,0xE56FF2AD
77,205110852,0x0C39BE44,0000010c43fc6f8b,2402,0000010d43fc7743,1461,40954,1461,4103733796,0xF49A0224,3552951849,0xD3C5BE29,593282379,0x235CC54B,879488039,0x346BEC27,2244433590,0x85C756B6,1084216539,0x409FD4DB,484207242,0x1CDC6A8A,3539677957,0xD2FB3305
78,205290424,0x0C3C7BB8,0000010c43fc6f91,2402,0000010d43fc7743,1611,62694,1611,4103733796,0xF49A0224,1843499743,0x6DE192DF,2000090665,0x7736F629,503394081,0x1E012F21,1437757292,0x55B26F6C,1253603337,0x4AB87809,90160,0x00016030,2054928399,0x7A7BB80F
79,205450150,0x0C3EEBA6,0000010c43fc6f92,c900,0000010d43d8418c,7629,22770,7629,3047555273,0xB5A600C9,1789947740,0x6AB06F5C,2021970427,0x7884D1FB,1042282,0x000FE76A,3079836214,0xB7929236,1531163256,0x5B43B278,185842652,0x0B13BBDC,1825342744,0x6CCC8518
80,205598348,0x0C412E8C,0000010c43fc6f92,c900,0000010d43fc7543,1508,950,1508,3114664137,0xB9A600C9,878570523,0x345DEC1B,1008906231,0x3C22AFF7,188652631,0x0B3E9C57,2366607033,0x8D0F8EB9,3841343702,0xE4F640D6,951854848,0x38BC2700,2323458245,0x8A7D28C5
81,205674341,0x0C425765,0000010c43fc6f92,c900,0000010d43fc7543,1585,1075,1585,3181773001,0xBDA600C9,4009070021,0xEEF58DC5,2446850924,0x91D7FB6C,4033916630,0xF070AED6,1856288934,0x6EA4B8A6,1459206454,0x56F9B936,1368541026,0x51924762,519329529,0x1EF456F9
82,205836462,0x0C44D0AE,0000010c43fc6f85,4805,0000010d43fc7743,1519,937,1519,3912566088,0xE9350548,3742795129,0xDF168579,2020041631,0x7867639F,2947960847,0xAFB6500F,3610529925,0xD7345085,152522497,0x09174F01,3599261879,0xD68860B7,3089966334,0xB82D24FE
83,206008355,0x0C477023,0000010c43fc6f92,c900,0000010d43fc7761,1438,12497,1438,3181773001,0xBDA600C9,1476118053,0x57FBC625,3826585397,0xE4150F35,3772890202,0xE0E1BC5A,1772131822,0x69A095EE,2303795986,0x89512312,1927960075,0x72EA560B,207988846,0x0C65A86E
84,206251042,0x0C4B2422,0000010c43fc6f92,c900,0000010d4290e418,8460,871,8460,3181773001,0xBDA600C9,1757075511,0x68BAD837,1008906175,0x3C22AFBF,72626011,0x04542F5B,1818352232,0x6C61DA68,4091938064,0xF3E60510,894810765,0x3555BA8D,1081501367,0x407666B7
85,206405861,0x0C4D80E5,0000010c43fc6f91,2402,0000010d4368721f,7718,894,7718,3835298340,0xE49A0224,2608685873,0x9B7D6331,1643396635,0x61F43E1B,2084067179,0x7C38576B,825704111,0x31373EAF,3224584882,0xC03342B2,208347191,0x0C6B2037,3421599075,0xCBF17563
86,454354714,0x1B14E71A,0000010c43fc6ff3,d6cd,0000010d423fce81,27016,1337,27016,896191958,0x356ACDD6,3793612078,0xE21DED2E,2756818636,0xA451B6CC,3255255044,0xC2074004,4172167548,0xF8AE397C,2061619246,0x7AE1D02E,3982605009,0xED61BAD1,3100278242,0xB8CA7DE2
87,577834369,0x22710D81,0000010c43fc6f8b,2402,0000010d43fc9bb2,1496,979,1496,3835298340,0xE49A0224,4174411427,0xF8D076A3,3485875877,0xCFC63EA5,376049807,0x166A108F,877667835,0x345025FB,3111463277,0xB975296D,261878887,0x0F9BF467,3280990903,0xC38FF2B7
88,578870991,0x2280DECF,0000010c43fc6f85,4805,0000010d436831d8,14532,1014,14532,3358917960,0xC8350548,1742555813,0x67DD4AA5,452695082,0x1AFB942A,1921904878,0x728DF0EE,2834621034,0xA8F4E26A,4080531542,0xF337F856,253817179,0x0F20F15B,1461406116,0x571B49A4
89,579039071,0x22836F5F,0000010c43fc6f25,9201,0000010d43fc93b2,1681,13756,1681,2739732882,0xA34D0192,3685363820,0xDBAA306C,3964906112,0xEC53AA80,3061933591,0xB6816617,3308837000,0xC538D888,28187505,0x01AE1B71,2214203360,0x83FA0FE0,4294089683,0xFFF29BD3
90,579476102,0x228A1A86,0000010c43fc6f8b,2402,0000010d425ff977,28716,38193,28716,4103733796,0xF49A0224,2858133772,0xAA5BA90C,452695082,0x1AFB942A,4043864073,0xF1087809,454273268,0x1B13A8F4,696258608,0x29801030,661431736,0x276CA5B8,2198495353,0x830A6079
91,581020501,0x22A1AB55,0000010c43fc6f85,4039,0000010d43fc794b,811,812,811,1336817984,0x4FAE3940,2326170493,0x8AA68B7D,3273913082,0xC323F2FA,3173889183,0xBD2DB49F,229921530,0x0DB452FA,2447181632,0x91DD0740,2194865229,0x82D2FC4D,971306536,0x39E4F628
92,581070467,0x22A26E83,0000010c43fc6f92,c807,0000010d43fc7943,899,14504,899,2218133448,0x843607C8,3915308828,0xE95EDF1C,2294087374,0x88BCFECE,1788273178,0x6A96E21A,2625524722,0x9C7E53F2,2669439556,0x9F1C6A44,998220620,0x3B7FA34C,1062710191,0x3F57ABAF
93,581795186,0x22AD7D72,0000010c43fc6f91,201c,0000010d427d261e,32600,51042,32600,567745568,0x21D71C20,3514085743,0xD174B16F,4035493086,0xF088BCDE,3058700144,0xB6500F70,884339739,0x34B5F41B,2414673609,0x8FECFEC9,604145344,0x240286C0,2002485165,0x775B7FAD
94,581928251,0x22AF853B,0000010c43fc6f92,c900,0000010d43fc7943,1455,930,1455,3181773001,0xBDA600C9,13410156,0x00CC9F6C,3134844380,0xBAD9EDDC,2545375864,0x97B75A78,3655385967,0xD9E0C36F,3709215940,0xDD1624C4,2583911337,0x9A035BA9,1208633715,0x480A4973
95,581994014,0x22B0861E,0000010c43fc6f92,c900,0000010d43fc7961,1472,987,1472,3181773001,0xBDA600C9,3134666599,0xBAD73767,1147072435,0x445EEFB3,1537739097,0x5BA80959,2912452131,0xAD987E23,3371081712,0xC8EE9FF0,1220476147,0x48BEFCF3,4108060256,0xF4DC0660
96,582537398,0x22B8D0B6,0000010c43fc6f91,201c,0000010d42d9b68f,22606,1227,22606,567745568,0x21D71C20,3514085743,0xD174B16F,740470648,0x2C22AF78,2703647837,0xA126645D,4095422727,0xF41B3107,970229892,0x39D48884,152467867,0x0916799B,2073776997,0x7B9B5365
97,582626253,0x22BA2BCD,0000010c43fc6f92,c807,0000010d43fc7943,1671,27002,1671,3358918600,0xC83507C8,3552427577,0xD3BDBE39,293193043,0x1179C553,2782956976,0xA5E08DB0,2616348891,0x9BF250DB,2448426345,0x91F00569,3084479685,0xB7D96CC5,2977260464,0xB17563B0
98,582711217,0x22BB77B1,0000010c43fc6f92,c807,0000010d43fc7961,1684,1213,1684,3895789512,0xE83507C8,886959259,0x34DDEC9B,2345200623,0x8BC8EBEF,3557443967,0xD40A497F,1442077669,0x55F45BE5,1849041505,0x6E362261,296134149,0x11A6A605,168821340,0x0A10025C
99,582872228,0x22BDECA4,0000010c43fc6f8b,2402,0000010d43683190,7598,871,7598,4103733796,0xF49A0224,4267047910,0xFE55FBE6,1147072848,0x445EF150,3547368848,0xD3708D90,368417778,0x15F59BF2,1880658352,0x701891B0,2979358069,0xB1956575,2938320627,0xAF2336F3
100,583261570,0x22C3DD82,0000010c43fc6f92,c900,0000010d43fc7b43,1372,780,1372,3181773001,0xBDA600C9,402384544,0x17FBE6A0,814397210,0x308AB71A,2819078214,0xA807B846,183056165,0x0AE93725,121698521,0x0740F8D9,2697787867,0xA0CCF9DB,4126336704,0xF5F2E6C0
101,583324173,0x22C4D20D,0000010c43fc6f8b,2402,0000010d43fc7943,1421,796,1421,4103733796,0xF49A0224,3914784540,0xE956DF1C,593296809,0x235CFDA9,1529348538,0x5B2801BA,1237264889,0x49BF29F9,3447661032,0xCD7F21E8,1935811477,0x73622395,922672668,0x36FEDE1C
102,583440615,0x22C698E7,0000010c43fc6f92,c900,0000010d4358e90c,7203,18732,7203,3181773001,0xBDA600C9,2935344537,0xAEF5CD99,3370905452,0xC8EBEF6C,3449842564,0xCDA06B84,2766115868,0xA4DF941C,521868776,0x1F1B15E8,3482989403,0xCF9A335B,456721704,0x1B390528
103,583875045,0x22CD39E5,0000010c43fc6f92,c807,0000010d43fc7943,1388,16451,1388,3895789512,0xE83507C8,3514085743,0xD174B16F,4035493086,0xF088BCDE,3496845654,0xD06DA156,443082228,0x1A68E5F4,2447181632,0x91DD0740,795834945,0x2F6F7A41,3681411489,0xDB6DE1A1
104,583941537,0x22CE3DA1,0000010c43fc6f91,201c,0000010d43fc7943,1341,787,1341,668408864,0x27D71C20,878570651,0x345DEC9B,1008906167,0x3C22AFB7,14642593,0x00DF6DA1,886082281,0x34D08AE9,75261159,0x047C64E7,2758732832,0xA46EEC20,1839551158,0x6DA552B6
105,584004755,0x22CF3493,0000010c43fc6f92,c807,0000010d425e418f,10634,20213,10634,3895789512,0xE83507C8,3915570972,0xE962DF1C,293191119,0x1179BDCF,1447623235,0x5648FA43,3547318851,0xD36FCA43,3460703452,0xCE4624DC,3781348187,0xE162CB5B,1253337472,0x4AB46980
106,584068156,0x22D02C3C,0000010c43fc6f92,c900,0000010d43fc7943,1367,11682,1367,3181773001,0xBDA600C9,3134758144,0xBAD89D00,2294087372,0x88BCFECC,1782956315,0x6A45C11B,2782877945,0xA5DF58F9,3145712209,0xBB7FC251,3565289704,0xD48200E8,3156823155,0xBC294C73
107,584137039,0x22D1394F,0000010c43fc6f92,c900,0000010d4276feec,19200,22721,19200,3181773001,0xBDA600C9,4009086361,0xEEF5CD99,3370905452,0xC8EBEF6C,766812021,0x2DB49F75,1397669649,0x534EBF11,3145712209,0xBB7FC251,2412522351,0x8FCC2B6F,4263131002,0xFE1A377A
108,584284634,0x22D379DA,0000010c43fc6f91,2015,0000010d43fc7743,1442,953,1442,3826914592,0xE41A1520,4160415392,0xF7FAE6A0,3269988149,0xC2E80F35,2131262333,0x7F087B7D,3544198053,0xD3402BA5,419445938,0x19003CB2,3967593372,0xEC7CAB9C,3897381144,0xE84D5118
109,584645079,0x22D8F9D7,0000010c43fc6f92,c807,0000010d4368314c,59385,826,59385,3895789512,0xE83507C8,886959259,0x34DDEC9B,3273886974,0xC3238CFE,2245681653,0x85DA61F5,346576464,0x14A85650,582684544,0x22BB0F80,82603653,0x04EC6E85,1565735647,0x5D533ADF
110,584718315,0x22DA17EB,0000010c43fc6f85,4039,0000010d43fc794b,871,14391,871,1336817984,0x4FAE3940,2326170493,0x8AA68B7D,3273913082,0xC323F2FA,3173889183,0xBD2DB49F,229921530,0x0DB452FA,2447181632,0x91DD0740,4093727979,0xF40154EB,242081306,0x0E6DDE1A
111,584775769,0x22DAF859,0000010c43fc6f92,c807,0000010d43d84188,35471,26537,35471,2218133448,0x843607C8,3915308828,0xE95EDF1C,2294087374,0x88BCFECE,1788273178,0x6A96E21A,2625524722,0x9C7E53F2,2669439556,0x9F1C6A44,2022375712,0x788B0120,4209414235,0xFAE6905B
112,584984099,0x22DE2623,0000010c43fc6f92,c807,0000010d43fc7943,1189,"(-1, -1)",1189,3358918600,0xC83507C8,3514085231,0xD174AF6F,4035493086,0xF088BCDE,1846277376,0x6E0BF500,3544198054,0xD3402BA6,100725623,0x0600F377,2833969318,0xA8EAF0A6,4151764846,0xF776E76E
113,585427055,0x22E4E86F,0000010c43fc6f91,201c,0000010d43fc7943,1425,848,1425,567745568,0x21D71C20,3514085743,0xD174B16F,4035493086,0xF088BCDE,3058700144,0xB6500F70,884339739,0x34B5F41B,2414673609,0x8FECFEC9,864400353,0x3385B3E1,2967071261,0xB0D9EA1D
114,585488349,0x22E5D7DD,0000010c43fc6f92,c807,0000010d427bbc4c,16646,912,16646,3895789512,0xE83507C8,3915570972,0xE962DF1C,2402319011,0x8F307AA3,246103940,0x0EAB3F84,838686223,0x31FD560F,2470677832,0x93438D48,404068867,0x18159A03,0,0x00000000
115,585634469,0x22E812A5,0000010c43fc6f92,c900,0000010d43fc7961,1503,24394,1503,3181773001,0xBDA600C9,3134666599,0xBAD73767,1147072435,0x445EEFB3,1537739097,0x5BA80959,2912452131,0xAD987E23,3371081712,0xC8EE9FF0,3978542085,0xED23BC05,2148569273,0x801090B9
116,586220398,0x22F1036E,0000010c43fc6f91,201c,0000010d43fc7943,1694,1251,1694,567745568,0x21D71C20,3430396271,0xCC77B16F,1167861982,0x459C28DE,1782765109,0x6A42D635,4215720961,0xFB46CC01,1133332696,0x438D48D8,2542652170,0x978DCB0A,0,0x00000000
117,586309865,0x22F260E9,0000010c43fc6f91,201c,0000010d43fc7943,1576,46132,1576,2715229216,0xA1D71C20,3514085743,0xD174B16F,1480875761,0x58445EF1,184422646,0x0AFE10F6,937796022,0x37E5A1B6,462532631,0x1B91B017,1965245292,0x7523436C,90576395,0x0566160B
118,586543890,0x22F5F312,0000010c43fc6f8b,2402,0000010d43fc7943,1572,1021,1572,4103733796,0xF49A0224,4267047910,0xFE55FBE6,603097751,0x23F28A97,2592500612,0x9A866B84,3763447678,0xE051A77E,1115734920,0x4280C388,3864299948,0xE65489AC,2071973369,0x7B7FCDF9
119,586615413,0x22F70A75,0000010c43fc6f85,4805,0000010d43fc774b,1514,16249,1514,2218132808,0x84360548,3317578088,0xC5BE3968,3488263450,0xCFEAAD1A,269940125,0x1016F59D,1195244966,0x473DFDA6,270533690,0x1020043A,1538617662,0x5BB5713E,4137355680,0xF69B09A0
120,586953906,0x22FC34B2,0000010c43fc6f91,2402,0000010d42906331,42352,44455,42352,4103733796,0xF49A0224,1575787395,0x5DEC9B83,1159251235,0x4518C523,2239397995,0x857A806B,1380433705,0x5247BF29,276706850,0x107E3622,570477119,0x2200CA3F,466984494,0x1BD59E2E
121,587021819,0x22FD3DFB,0000010c43fc6f8b,2402,0000010d43fc7943,1406,61256,1406,4103733796,0xF49A0224,3914784540,0xE956DF1C,593296809,0x235CFDA9,1529348538,0x5B2801BA,1237264889,0x49BF29F9,3447661032,0xCD7F21E8,2225115615,0x84A091DF,527852464,0x1F7663B0
122,587611447,0x23063D37,0000010c43fc6f92,c807,0000010d43fc7943,1397,59737,1397,3895789512,0xE83507C8,3514085743,0xD174B16F,4035493086,0xF088BCDE,3496845654,0xD06DA156,443082228,0x1A68E5F4,2447181632,0x91DD0740,4174005804,0xF8CA462C,699861986,0x29B70BE2
123,587673503,0x23072F9F,0000010c43fc6f91,201c,0000010d43fc7943,1364,25191,1364,668408864,0x27D71C20,878570651,0x345DEC9B,1008906167,0x3C22AFB7,14642593,0x00DF6DA1,886082281,0x34D08AE9,75261159,0x047C64E7,4026330457,0xEFFCED59,3646590859,0xD95A8F8B
124,587744894,0x2308467E,0000010c43fc6f92,c807,0000010d425e418f,11925,"(-1, -1)",11925,3895789512,0xE83507C8,3915570972,0xE962DF1C,293191119,0x1179BDCF,1447623235,0x5648FA43,3547318851,0xD36FCA43,3460703452,0xCE4624DC,1867102229,0x6F49B815,1645682075,0x62171D9B
125,587819813,0x23096B25,0000010c43fc6f92,c900,0000010d429061db,12990,18609,12990,3181773001,0xBDA600C9,3134754048,0xBAD88D00,2294087372,0x88BCFECC,1782956315,0x6A45C11B,2782877945,0xA5DF58F9,3145712209,0xBB7FC251,4002221644,0xEE8D0E4C,2776198321,0xA5796CB1
126,587894121,0x230A8D69,0000010c43fc6f92,c900,0000010d4276feec,19081,29114,19081,3181773001,0xBDA600C9,4009086361,0xEEF5CD99,3370905452,0xC8EBEF6C,766812021,0x2DB49F75,1397669649,0x534EBF11,3145712209,0xBB7FC251,2080383464,0x7C0021E8,640321627,0x262A885B
127,588032678,0x230CAAA6,0000010c43fc6f91,2015,0000010d425da1be,41108,30796,41108,3826914592,0xE41A1520,4209418379,0xFAE6A08B,3893310966,0xE80F35F6,142310695,0x087B7D27,1076602335,0x402BA5DF,3977979,0x003CB2FB,3726428201,0xDE1CC829,2217502154,0x842C65CA
128,588375113,0x2311E449,0000010c43fc6f92,c807,0000010d43fc7943,780,811,780,3895789512,0xE83507C8,886959259,0x34DDEC9B,3273886974,0xC3238CFE,2245681653,0x85DA61F5,346576464,0x14A85650,582684544,0x22BB0F80,805624205,0x3004D98D,3666710434,0xDA8D8FA2
129,588436519,0x2312D427,0000010c43fc6f91,201c,0000010d43fc7943,853,27151,853,668408864,0x27D71C20,878570651,0x345DEC9B,1008906231,0x3C22AFF7,3714949629,0xDD6DA1FD,61709438,0x03AD9C7E,3002804028,0xB2FB273C,3071955520,0xB71A5240,2484346844,0x94141FDC
130,588765647,0x2317D9CF,0000010c43fc6f91,2402,0000010d43fc7743,1331,803,1331,3835298340,0xE49A0224,2586246086,0x9A26FBC6,421421332,0x191E6114,91764821,0x05783855,2990779597,0xB243ACCD,1209175375,0x48128D4F,2283104305,0x88156831,4072594600,0xF2BEDCA8
131,591753181,0x23456FDD,0000010c43fc6f8b,2015,0000010d4321dadd,15585,1019,15585,3826914592,0xE41A1520,1746594843,0x681AEC1B,3273912970,0xC323F28A,4201688790,0xFA70AED6,2510103149,0x959D226D,294798563,0x119244E3,3264114489,0xC28E6F39,2074637467,0x7BA8749B
132,604411482,0x2406965A,0000010c43fc6f91,201c,0000010d43fc7961,796,13972,796,2815892512,0xA7D71C20,1293417446,0x4D17FBE6,293193019,0x1179C53B,3411655901,0xCB59BCDD,3410337614,0xCB459F4E,3709655198,0xDD1CD89E,964529421,0x397D8D0D,3009096451,0xB35B2B03
133,604633568,0x2409F9E0,0000010c43fc6f8b,2402,0000010d43fc7743,1296,19974,1296,4103733796,0xF49A0224,1957774848,0x74B14600,1147039667,0x445E6FB3,1588985871,0x5EB6000F,1532222649,0x5B53DCB9,3410886657,0xCB4E0001,539099136,0x20220000,3137455174,0xBB01C446
134,605024415,0x240FF09F,0000010c43fc6f91,2402,0000010d43fc7743,1409,942,1409,4103733796,0xF49A0224,402347702,0x17FB56B6,2042968859,0x79C53B1B,1336371853,0x4FA76A8D,1723893133,0x66C0858D,864030944,0x338010E0,2117496708,0x7E366F84,4239439702,0xFCB0B756
135,605094686,0x2411031E,0000010c43fc6f91,2402,0000010d43fc7761,1461,17256,1461,4103733796,0xF49A0224,3723254713,0xDDEC5BB9,3826642796,0xE415EF6C,2105088,0x00201F00,423903477,0x194440F5,2228051831,0x84CD5F77,561470226,0x21775B12,2385810045,0x8E34927D
136,605233161,0x24132009,0000010c43fc6f91,2402,0000010d42487586,11917,21660,11917,4103733796,0xF49A0224,4009135511,0xEEF68D97,4069156662,0xF28A6736,1839332804,0x6DA1FDC4,1292064184,0x4D0355B8,285842367,0x11099BBF,835773150,0x31D0E2DE,509523712,0x1E5EB700
137,605372372,0x24153FD4,0000010c43fc6f91,2402,0000010d42486543,12610,932,12610,4103733796,0xF49A0224,2724835951,0xA269B26F,434555883,0x19E6CBEB,9148171,0x008B970B,4139824625,0xF6C0B5F1,796922040,0x2F8010B8,3838118880,0xE4C50BE0,622291028,0x25176854
138,605519864,0x24177FF8,0000010c43fc6f92,c900,0000010d425abe48,30802,1206,30802,3114664137,0xB9A600C9,1171506622,0x45D3C5BE,3273912954,0xC323F27A,3161194782,0xBC6C011E,2989313243,0xB22D4CDB,2214612846,0x84004F6E,1197151171,0x475B13C3,1035940248,0x3DBF3198
139,605772799,0x241B5BFF,0000010c43fc6f85,4805,0000010d43fc7761,1734,13420,1734,3912566088,0xE9350548,3134863150,0xBADA372E,538836992,0x201E0000,754974720,0x2D000000,4072522895,0xF2BDC48F,3508542977,0xD1201E01,1539046094,0x5BBBFACE,3097689733,0xB8A2FE85
140,605855649,0x241C9FA1,0000010c43fc6f91,2402,0000010d43fc7761,1578,18348,1578,4103733796,0xF49A0224,3196812659,0xBE8B7D73,3796169046,0xE244F156,979569645,0x3A630BED,2564764983,0x98DF3537,1074322546,0x4008DC72,2036560073,0x796370C9,2168997672,0x81484728
141,605933977,0x241DD199,0000010c43fc6f91,2402,0000010d437f4184,8756,31019,8756,4103733796,0xF49A0224,939247141,0x37FBC625,4069168922,0xF28A971A,266342800,0x0FE01190,3744104920,0xDF2A81D8,2926335136,0xAE6C54A0,3540078602,0xD301500A,1377201930,0x52166F0A
142,606321327,0x2423BAAF,0000010c43fc6f85,4805,0000010d43fc7543,1584,39391,1584,3358917960,0xC8350548,714758126,0x2A9A57EE,2252858613,0x8647E4F5,18763477,0x011E4ED5,530346723,0x1F9C72E3,1394513974,0x531E9836,1912550182,0x71FF3326,2617031405,0x9BFCBAED
143,606679279,0x242930EF,0000010c43fc6f8b,2402,0000010d4320c7f6,10845,51494,10845,4103733796,0xF49A0224,2858990296,0xAA68BAD8,3346302123,0xC77484AB,2100978573,0x7D3A638D,3535081751,0xD2B51117,3259859406,0xC24D81CE,2240242304,0x85876280,2628610089,0x9CAD6829
144,606812661,0x242B39F5,0000010c43fc6f91,2402,0000010d43fc7943,1463,22195,1463,1117454884,0x429B0224,4134396306,0xF66DE192,2323068662,0x8A7736F6,656277807,0x271E012F,447255165,0x1AA8927D,928170693,0x3752C2C5,3633452099,0xD8921443,4172888353,0xF8B93921
145,607086932,0x242F6954,0000010c43fc6f92,c900,0000010d42483148,7750,12356,7750,3114664137,0xB9A600C9,878570523,0x345DEC1B,1008906231,0x3C22AFF7,2182080362,0x820FE76A,3322398684,0xC607C7DC,1920671851,0x727B206B,3355523294,0xC80138DE,2087436910,0x7C6BC26E
146,607304456,0x2432BB08,0000010c43fc6f85,4805,0000010d43fc7743,1428,16610,1428,3912566088,0xE9350548,3742795129,0xDF168579,2020041631,0x7867639F,2947960847,0xAFB6500F,3610529925,0xD7345085,3267711744,0xC2C55300,984904993,0x3AB47521,923095582,0x3705521E
147,607374493,0x2433CC9D,0000010c43fc6f8b,2402,0000010d43fc7743,1370,22659,1370,4103733796,0xF49A0224,2794159475,0xA68B7D73,2294080157,0x88BCE29D,5203818,0x004F676A,2995588878,0xB28D0F0E,4150658320,0xF7660510,3353327398,0xC7DFB726,1527794194,0x5B104A12
148,607654401,0x24381201,0000010c43fc6f92,c900,0000010d43fc754b,1419,23407,1419,3181773001,0xBDA600C9,878570651,0x345DEC9B,512874463,0x1E91D7DF,290504044,0x1150BD6C,1536702066,0x5B983672,3162046852,0xBC790184,4248094530,0xFD34C742,1532804751,0x5B5CBE8F
149,607815098,0x243A85BA,0000010c43fc6f91,2402,0000010d43fc774b,1509,1216,1509,3835298340,0xE49A0224,3915833176,0xE966DF58,1192803791,0x4718BDCF,3770923354,0xE0C3B95A,95451833,0x05B07AB9,969239563,0x39C56C0B,3933031737,0xEA6D4D39,2822241559,0xA837FD17
150,607942294,0x243C7696,0000010c43fc6f92,c900,0000010d43fc754b,1242,14231,1242,3114664137,0xB9A600C9,1429528043,0x5534DDEB,863585374,0x3379445E,767607689,0x2DC0C389,2204855820,0x836B6E0C,4131444372,0xF640D694,2062640896,0x7AF16700,2439882260,0x916DA614
151,608139564,0x243F792C,0000010c43fc6f8b,2402,0000010d43fc7961,942,937,942,4103733796,0xF49A0224,3134732135,0xBAD83767,3358318297,0xC82BDED9,2452476960,0x922DD420,1549588552,0x5C5CD848,0,0x00000000,3062455469,0xB6895CAD,4121718328,0xF5AC6E38
152,608207016,0x244080A8,0000010c43fc6f85,4805,0000010d42b921cc,6942,914,6942,2218132808,0x84360548,4136486396,0xF68DC5FC,2323068662,0x8A7736F6,328171580,0x138F803C,4003185302,0xEE9BC296,3154382850,0xBC041002,1895825408,0x71000000,3649900493,0xD98D0FCD
153,608352334,0x2442B84E,0000010c43fc6f91,2402,0000010d43fc7943,1291,63377,1291,1117454884,0x429B0224,3056114863,0xB6289CAF,2266692500,0x871AFB94,766812024,0x2DB49F78,2926158026,0xAE69A0CA,2053167688,0x7A60DA48,4127408161,0xF6034021,842476237,0x32372ACD
154,608430732,0x2443EA8C,0000010c43fc6f8b,2402,0000010d43fc7743,1382,925,1382,4103733796,0xF49A0224,3514085743,0xD174B16F,2017746543,0x78445E6F,2824779264,0xA85EB600,1583043548,0x5E5B53DC,947036935,0x3872A307,3058105926,0xB646FE46,1729589067,0x67176F4B
155,609141108,0x244EC174,0000010c43fc6f91,2402,0000010d43fc7743,1670,13091,1670,4103733796,0xF49A0224,2935393687,0xAEF68D97,4069160758,0xF28A7736,1516453873,0x5A633FF1,3544225261,0xD34095ED,1411066337,0x541B29E1,2408333912,0x8F8C4258,3987120647,0xEDA6A207
156,609307937,0x24514D21,0000010c43fc6f91,2402,0000010d43fc7743,1604,45059,1604,3835298340,0xE49A0224,357405565,0x154D937D,818117753,0x30C37C79,1409330071,0x5400AB97,2180432053,0x81F6C0B5,925859856,0x372F8010,3163029952,0xBC8801C0,2447571176,0x91E2F8E8
157,609760539,0x2458351B,0000010c43fc6f85,4805,0000010d43fc7761,1651,26552,1651,3912566088,0xE9350548,3134863150,0xBADA372E,3358318297,0xC82BDED9,2986702904,0xB2057838,525692186,0x1F556D1A,2340900716,0x8B874F6C,3573690604,0xD50230EC,621837753,0x25107DB9
158,609861292,0x2459BEAC,0000010c43fc6f91,2402,0000010d43fc7761,1712,15070,1712,4103733796,0xF49A0224,2794159475,0xA68B7D73,293193035,0x1179C54B,1488805104,0x58BD5CF0,3062223245,0xB685D18D,608952317,0x244BDFFD,3793919854,0xE2229F6E,353795837,0x15167EFD
159,610048746,0x245C9AEA,0000010c43fc6f91,201c,0000010d43fc7943,1692,19483,1692,2715229216,0xA1D71C20,3586060786,0xD5BEF1F2,1585424817,0x5E7FA9B1,905319311,0x35F6138F,1536770156,0x5B99406C,318129007,0x12F6436F,2370616894,0x8D4CBE3E,262206491,0x0FA0F41B
160,610425444,0x24625A64,0000010c43fc6f85,4805,0000010d43fc7562,1676,54890,1676,3358917960,0xC8350548,2725895549,0xA279DD7D,2961751294,0xB088BCFE,1812012622,0x6C011E4E,3124574437,0xBA3D38E5,937787754,0x37E5816A,3119575766,0xB9F0F2D6,567360898,0x21D13D82
161,610699780,0x24668A04,0000010c43fc6f85,4039,0000010d43fc7943,1570,14216,1570,648952128,0x26AE3940,4267047878,0xFE55FBC6,1147072972,0x445EF1CC,2407569248,0x8F809760,1793051141,0x6ADFCA05,3651682367,0xD9A8403F,1176984757,0x46275CB5,2183614159,0x82274ECF
162,610785501,0x2467D8DD,0000010c43fc6f91,2402,0000010d43fc7943,1513,44664,1513,1117454884,0x429B0224,2081946598,0x7C17FBE6,579658413,0x228CE2AD,3550074472,0xD399D668,3224822498,0xC036E2E2,60236,0x0000EB4C,3085788842,0xB7ED66AA,3849319085,0xE56FF2AD
163,610863415,0x24690937,0000010c43fc6f8b,2402,0000010d43fc7743,1461,40954,1461,4103733796,0xF49A0224,3552951849,0xD3C5BE29,593282379,0x235CC54B,879488039,0x346BEC27,2244433590,0x85C756B6,1084216539,0x409FD4DB,484207242,0x1CDC6A8A,3539677957,0xD2FB3305
164,611042987,0x246BC6AB,0000010c43fc6f91,2402,0000010d43fc7743,1611,62694,1611,4103733796,0xF49A0224,1843499743,0x6DE192DF,2000090665,0x7736F629,503394081,0x1E012F21,1437757292,0x55B26F6C,1253603337,0x4AB87809,90160,0x00016030,2054928399,0x7A7BB80F
165,611202713,0x246E3699,0000010c43fc6f92,c900,0000010d43d8418c,7629,22770,7629,3047555273,0xB5A600C9,1789947740,0x6AB06F5C,2021970427,0x7884D1FB,1042282,0x000FE76A,3079836214,0xB7929236,1531163256,0x5B43B278,185842652,0x0B13BBDC,1825342744,0x6CCC8518
166,611350911,0x2470797F,0000010c43fc6f92,c900,0000010d43fc7543,1508,950,1508,3114664137,0xB9A600C9,878570523,0x345DEC1B,1008906231,0x3C22AFF7,188652631,0x0B3E9C57,2366607033,0x8D0F8EB9,3841343702,0xE4F640D6,951854848,0x38BC2700,2323458245,0x8A7D28C5
167,611426904,0x2471A258,0000010c43fc6f92,c900,0000010d43fc7543,1585,1075,1585,3181773001,0xBDA600C9,4009070021,0xEEF58DC5,2446850924,0x91D7FB6C,4033916630,0xF070AED6,1856288934,0x6EA4B8A6,1459206454,0x56F9B936,1368541026,0x51924762,519329529,0x1EF456F9
168,611589025,0x24741BA1,0000010c43fc6f85,4805,0000010d43fc7743,1519,937,1519,3912566088,0xE9350548,3742795129,0xDF168579,2020041631,0x7867639F,2947960847,0xAFB6500F,3610529925,0xD7345085,152522497,0x09174F01,3599261879,0xD68860B7,3089966334,0xB82D24FE
169,611760918,0x2476BB16,0000010c43fc6f92,c900,0000010d43fc7761,1438,12497,1438,3181773001,0xBDA600C9,1476118053,0x57FBC625,3826585397,0xE4150F35,3772890202,0xE0E1BC5A,1772131822,0x69A095EE,2303795986,0x89512312,1927960075,0x72EA560B,207988846,0x0C65A86E
170,612003605,0x247A6F15,0000010c43fc6f92,c900,0000010d4290e418,8460,871,8460,3181773001,0xBDA600C9,1757075511,0x68BAD837,1008906175,0x3C22AFBF,72626011,0x04542F5B,1818352232,0x6C61DA68,4091938064,0xF3E60510,894810765,0x3555BA8D,1081501367,0x407666B7
171,612158424,0x247CCBD8,0000010c43fc6f91,2402,0000010d4368721f,7718,894,7718,3835298340,0xE49A0224,2608685873,0x9B7D6331,1643396635,0x61F43E1B,2084067179,0x7C38576B,825704111,0x31373EAF,3224584882,0xC03342B2,208347191,0x0C6B2037,3421599075,0xCBF17563
172,859780612,0x333F3604,0000010c43fc6ff3,d6cd,0000010d43fce064,1050,1302,1050,896191958,0x356ACDD6,3793612078,0xE21DED2E,2756818636,0xA451B6CC,3255255044,0xC2074004,4172167548,0xF8AE397C,2061619246,0x7AE1D02E,3982605009,0xED61BAD1,3100278242,0xB8CA7DE2
173,981385757,0x3A7EC21D,0000010c43fc6f92,c807,0000010d43fc99bf,927,977,927,3358918600,0xC83507C8,3757625462,0xDFF8D076,4274964030,0xFECEC63E,2995067512,0xB2851A78,2614351380,0x9BD3D614,1332655312,0x4F6EB4D0,652420763,0x26E3269B,2530623500,0x96D6400C
174,982198028,0x3A8B270C,0000010c43fc6f8b,201c,0000010d43fc97b2,1593,1168,1593,567745568,0x21D71C20,1055610410,0x3EEB562A,3469098661,0xCEC63EA5,232919536,0x0DE211F0,2828172587,0xA8927D2B,438952418,0x1A29E1E2,1869352185,0x6F6C0CF9,3086019437,0xB7F0EB6D
175,982467567,0x3A8F43EF,0000010c43fc6f8b,2402,0000010d43fc9bb2,1496,979,1496,3835298340,0xE49A0224,4174411427,0xF8D076A3,3485875877,0xCFC63EA5,376049807,0x166A108F,877667835,0x345025FB,3111463277,0xB975296D,261878887,0x0F9BF467,3280990903,0xC38FF2B7
176,983405424,0x3A9D9370,0000010c43fc6f8b,2402,0000010d43fc9db2,1611,1060,1611,4103733796,0xF49A0224,3948292803,0xEB562AC3,3325994250,0xC63EA50A,1581407847,0x5E425E67,2500416698,0x950954BA,3310026785,0xC54B0021,1536309881,0x5B923A79,4232427318,0xFC45B736
177,983495255,0x3A9EF257,0000010c43fc6f85,4805,0000010d43fc93b2,1584,1014,1584,3358917960,0xC8350548,1742555813,0x67DD4AA5,452695082,0x1AFB942A,1921904878,0x728DF0EE,2834621034,0xA8F4E26A,4080531542,0xF337F856,253817179,0x0F20F15B,1461406116,0x571B49A4
178,983661919,0x3AA17D5F,0000010c43fc6f25,9201,0000010d43fc93b2,1658,1114,1658,2739732882,0xA34D0192,3685363820,0xDBAA306C,3964906112,0xEC53AA80,3061933591,0xB6816617,3308837000,0xC538D888,28187505,0x01AE1B71,3554803711,0xD3E1FFFF,3662171974,0xDA484F46
179,983831692,0x3AA4148C,0000010c43fc6f25,9201,0000010d43fc8db2,1596,969,1596,2873950610,0xAB4D0192,3056239789,0xB62A84AD,1340676698,0x4FE91A5A,524317611,0x1F4073AB,2486967148,0x943C1B6C,1689718032,0x64B70D10,1516475122,0x5A6392F2,3385620600,0xC9CC7878
180,984007633,0x3AA6C3D1,0000010c43fc6f85,4805,0000010d43fc9bb2,1410,912,1410,3895788872,0xE8350548,462926363,0x1B97B21B,3307954971,0xC52B631B,2407569296,0x8F809790,2690179018,0xA058DFCA,613132032,0x248BA700,1970496707,0x757364C3,2353771301,0x8C4BB325
181,984095297,0x3AA81A41,0000010c43fc6f8b,2402,0000010d43fc97b2,1536,909,1536,4103733796,0xF49A0224,2858133772,0xAA5BA90C,452695082,0x1AFB942A,4043864073,0xF1087809,454273268,0x1B13A8F4,696258608,0x29801030,661431736,0x276CA5B8,2198495353,0x830A6079
182,985032394,0x3AB666CA,0000010c43fc6f8b,2402,0000010d43fc9bb2,1463,978,1463,4103733796,0xF49A0224,3633171121,0xD88DCAB1,3964906112,0xEC53AA80,142084422,0x08780946,3982203200,0xED5B9940,1577191425,0x5E020801,3062484214,0xB689CCF6,3136363353,0xBAF11B59
183,985629287,0x3ABF8267,0000010c43fc6f85,4039,0000010d43fc794b,809,809,809,1336817984,0x4FAE3940,2326170493,0x8AA68B7D,3273913082,0xC323F2FA,3173889183,0xBD2DB49F,229921530,0x0DB452FA,2447181632,0x91DD0740,152077010,0x091082D2,3351132644,0xC7BE39E4
184,985678995,0x3AC04493,0000010c43fc6f92,c807,0000010d43fc7943,892,911,892,2218133448,0x843607C8,3915308828,0xE95EDF1C,2294087374,0x88BCFECE,1788273178,0x6A96E21A,2625524722,0x9C7E53F2,2669439556,0x9F1C6A44,998220620,0x3B7FA34C,751511211,0x2CCB26AB
185,985745898,0x3AC149EA,0000010c43fc6f92,c807,0000010d43fc7943,986,913,986,3895789512,0xE83507C8,3514085743,0xD174B16F,4035493086,0xF088BCDE,376080341,0x166A87D5,4036285295,0xF094D36F,3002794184,0xB2FB00C8,675285112,0x28400878,1298579738,0x4D66C11A
186,986400481,0x3ACB46E1,0000010c43fc6f91,201c,0000010d43fc7943,1429,16105,1429,567745568,0x21D71C20,3514085743,0xD174B16F,4035493086,0xF088BCDE,3058700144,0xB6500F70,884339739,0x34B5F41B,2414673609,0x8FECFEC9,1241654274,0x4A022402,2032367451,0x7923775B
187,986533027,0x3ACD4CA3,0000010c43fc6f92,c900,0000010d43fc7943,1453,930,1453,3181773001,0xBDA600C9,0,0x00000000,2858990297,0xAA68BAD9,1979750327,0x760097B7,1750981088,0x685DD9E0,4099071254,0xF452DD16,4074478083,0xF2DB9A03,3714271242,0xDD63480A
188,986598477,0x3ACE4C4D,0000010c43fc6f92,c900,0000010d43fc7961,1472,987,1472,3181773001,0xBDA600C9,3134666599,0xBAD73767,1147072435,0x445EEFB3,1537739097,0x5BA80959,2912452131,0xAD987E23,3371081712,0xC8EE9FF0,1220476147,0x48BEFCF3,4108060256,0xF4DC0660
189,987139485,0x3AD68D9D,0000010c43fc6f91,201c,0000010d43fc7943,1763,1227,1763,567745568,0x21D71C20,3514085743,0xD174B16F,740470648,0x2C22AF78,2703647837,0xA126645D,4095422727,0xF41B3107,970229892,0x39D48884,152467867,0x0916799B,2073776997,0x7B9B5365
190,987227911,0x3AD7E707,0000010c43fc6f92,c807,0000010d43fc7943,1664,26874,1664,3358918600,0xC83507C8,3552427577,0xD3BDBE39,293193043,0x1179C553,2782956976,0xA5E08DB0,2616348891,0x9BF250DB,2448426345,0x91F00569,3084479685,0xB7D96CC5,2977260464,0xB17563B0
191,987312481,0x3AD93161,0000010c43fc6f92,c807,0000010d43fc7961,1669,1213,1669,3895789512,0xE83507C8,886959259,0x34DDEC9B,2345200623,0x8BC8EBEF,3557443967,0xD40A497F,1442077669,0x55F45BE5,1849041505,0x6E362261,296134149,0x11A6A605,3728457476,0xDE3BBF04
192,987472731,0x3ADBA35B,0000010c43fc6f8b,2402,0000010d43683190,7557,867,7557,4103733796,0xF49A0224,4267047910,0xFE55FBE6,1147072848,0x445EF150,3547368848,0xD3708D90,368417778,0x15F59BF2,1880658352,0x701891B0,2979358069,0xB1956575,2938320627,0xAF2336F3
193,987860210,0x3AE18CF2,0000010c43fc6f92,c900,0000010d43fc7b43,1366,780,1366,3181773001,0xBDA600C9,402384544,0x17FBE6A0,814397210,0x308AB71A,2819078214,0xA807B846,183056165,0x0AE93725,121698521,0x0740F8D9,2697787867,0xA0CCF9DB,2425423707,0x9091075B
194,987922496,0x3AE28040,0000010c43fc6f8b,2402,0000010d43fc7943,1418,791,1418,4103733796,0xF49A0224,3914784540,0xE956DF1C,593296809,0x235CFDA9,1529348538,0x5B2801BA,1237264889,0x49BF29F9,3447661032,0xCD7F21E8,1935811477,0x73622395,922672668,0x36FEDE1C
195,988038450,0x3AE44532,0000010c43fc6f92,c900,0000010d4358e90c,7156,18647,7156,3181773001,0xBDA600C9,2935344537,0xAEF5CD99,3370905452,0xC8EBEF6C,3449842564,0xCDA06B84,2766115868,0xA4DF941C,521868776,0x1F1B15E8,3396325274,0xCA6FCF9A,2535332665,0x971E1B39
196,988471154,0x3AEADF72,0000010c43fc6f92,c807,0000010d43fc7943,1387,16454,1387,3895789512,0xE83507C8,3514085743,0xD174B16F,4035493086,0xF088BCDE,3496845654,0xD06DA156,443082228,0x1A68E5F4,2447181632,0x91DD0740,795834945,0x2F6F7A41,3681411489,0xDB6DE1A1
197,988537314,0x3AEBE1E2,0000010c43fc6f91,201c,0000010d43fc7943,1341,777,1341,668408864,0x27D71C20,878570651,0x345DEC9B,1008906167,0x3C22AFB7,14642593,0x00DF6DA1,886082281,0x34D08AE9,75261159,0x047C64E7,2758732832,0xA46EEC20,1839551158,0x6DA552B6
198,988600246,0x3AECD7B6,0000010c43fc6f92,c807,0000010d425e418f,10589,20110,10589,3895789512,0xE83507C8,3915570972,0xE962DF1C,293191119,0x1179BDCF,1447623235,0x5648FA43,3547318851,0xD36FCA43,3460703452,0xCE4624DC,3781348187,0xE162CB5B,1253337472,0x4AB46980
199,988663347,0x3AEDCE33,0000010c43fc6f92,c900,0000010d43fc7943,1363,816,1363,3181773001,0xBDA600C9,3134758144,0xBAD89D00,2294087372,0x88BCFECC,1782956315,0x6A45C11B,2782877945,0xA5DF58F9,3145712209,0xBB7FC251,2377584768,0x8DB71080,1517769706,0x5A7753EA
200,988731885,0x3AEED9ED,0000010c43fc6f92,c900,0000010d4276feec,19119,22612,19119,3181773001,0xBDA600C9,4009086361,0xEEF5CD99,3370905452,0xC8EBEF6C,766812021,0x2DB49F75,1397669649,0x534EBF11,3145712209,0xBB7FC251,2412522351,0x8FCC2B6F,4263131002,0xFE1A377A
201,988878749,0x3AF1179D,0000010c43fc6f91,2015,0000010d43fc7743,1437,935,1437,3826914592,0xE41A1520,4160415392,0xF7FAE6A0,3269988149,0xC2E80F35,2131262333,0x7F087B7D,3544198053,0xD3402BA5,419445938,0x19003CB2,3967593372,0xEC7CAB9C,3897381144,0xE84D5118
202,989237529,0x3AF69119,0000010c43fc6f92,c807,0000010d427d8606,23964,823,23964,3895789512,0xE83507C8,886959259,0x34DDEC9B,3273886974,0xC3238CFE,2245681653,0x85DA61F5,346576464,0x14A85650,582684544,0x22BB0F80,537193582,0x2004EC6E,3328004922,0xC65D533A
203,989310428,0x3AF7ADDC,0000010c43fc6f85,4039,0000010d43fc794b,859,14357,859,1336817984,0x4FAE3940,2326170493,0x8AA68B7D,3273913082,0xC323F2FA,3173889183,0xBD2DB49F,229921530,0x0DB452FA,2447181632,0x91DD0740,9493677,0x0090DCAD,2363284116,0x8CDCDA94
204,989367696,0x3AF88D90,0000010c43fc6f92,c807,0000010d43fc7943,905,922,905,2218133448,0x843607C8,3915308828,0xE95EDF1C,2294087374,0x88BCFECE,1788273178,0x6A96E21A,2625524722,0x9C7E53F2,2669439556,0x9F1C6A44,2022375712,0x788B0120,703318110,0x29EBC85E
205,989433710,0x3AF98F6E,0000010c43fc6f92,c807,0000010d43fc7943,991,935,991,3895789512,0xE83507C8,3514085743,0xD174B16F,4035493086,0xF088BCDE,376080341,0x166A87D5,4036285295,0xF094D36F,3002794184,0xB2FB00C8,2063679498,0x7B01400A,387409267,0x17176573
206,989504967,0x3AFAA5C7,0000010c43fc6f92,c900,0000010d43fc7b61,1097,812,1097,3181773001,0xBDA600C9,3134666599,0xBAD73767,1147043753,0x445E7FA9,1027124753,0x3D38AE11,2816447516,0xA7DF941C,155130769,0x093F1B91,4109143311,0xF4EC8D0F,312924887,0x12A6DAD7
207,989574380,0x3AFBB4EC,0000010c43fc6f92,c807,0000010d43fc7943,1184,794,1184,3358918600,0xC83507C8,3514085231,0xD174AF6F,4035493086,0xF088BCDE,1846277376,0x6E0BF500,3544198054,0xD3402BA6,100725623,0x0600F377,3890129130,0xE7DEA8EA,2322397046,0x8A6CF776
208,989955355,0x3B01851B,0000010c43fc6f91,201c,0000010d43fc7943,1443,844,1443,2815892512,0xA7D71C20,886959003,0x34DDEB9B,512874463,0x1E91D7DF,1846277376,0x6E0BF500,3365262447,0xC895D46F,1198980996,0x4776FF84,4186383982,0xF987266E,3562863018,0xD45CF9AA
209,990014231,0x3B026B17,0000010c43fc6f91,201c,0000010d43fc7943,1408,833,1408,567745568,0x21D71C20,3514085743,0xD174B16F,4035493086,0xF088BCDE,3058700144,0xB6500F70,884339739,0x34B5F41B,2414673609,0x8FECFEC9,864400353,0x3385B3E1,984668650,0x3AB0D9EA
210,990075125,0x3B0358F5,0000010c43fc6f92,c807,0000010d43fc7943,1469,912,1469,3895789512,0xE83507C8,3915570972,0xE962DF1C,2402319011,0x8F307AA3,246103940,0x0EAB3F84,838686223,0x31FD560F,2470677832,0x93438D48,404068867,0x18159A03,4294967050,0xFFFFFF0A
211,990142392,0x3B045FB8,0000010c43fc6f92,c900,0000010d43fc7943,1531,1007,1531,3181773001,0xBDA600C9,3134797671,0xBAD93767,581943218,0x22AFBFB2,370241412,0x16116F84,3747101152,0xDF5839E0,3477480684,0xCF4624EC,132415760,0x07E48110,1650384093,0x625EDCDD
212,990220055,0x3B058F17,0000010c43fc6f92,c900,0000010d43fc7961,1503,1020,1503,3181773001,0xBDA600C9,3134666599,0xBAD73767,1147072435,0x445EEFB3,1537739097,0x5BA80959,2912452131,0xAD987E23,3371081712,0xC8EE9FF0,3978542085,0xED23BC05,2148569273,0x801090B9
213,990295613,0x3B06B63D,0000010c43fc6f92,c900,0000010d43fc7943,1633,1129,1633,3114664137,0xB9A600C9,2326166397,0x8AA67B7D,217310709,0x0CF3E5F5,3030380679,0xB49FF087,906835061,0x360D3475,1229456896,0x49480600,2250275299,0x862079E3,1305744430,0x4DD4142E
214,990715668,0x3B0D1F14,0000010c43fc6f92,c807,0000010d43fc7943,1745,1347,1745,3895789512,0xE83507C8,878570651,0x345DEC9B,1008906231,0x3C22AFF7,3551940651,0xD3B6502B,886098665,0x34D0CAE9,3371081712,0xC8EE9FF0,3526885413,0xD2380025,2731262077,0xA2CBC07D
215,990801090,0x3B0E6CC2,0000010c43fc6f91,201c,0000010d43fc7943,1684,1234,1684,567745568,0x21D71C20,3430396271,0xCC77B16F,1167861982,0x459C28DE,1782765109,0x6A42D635,4215720961,0xFB46CC01,1133332696,0x438D48D8,2542652170,0x978DCB0A,3556831390,0xD400F09E
216,990889807,0x3B0FC74F,0000010c43fc6f91,201c,0000010d43fc7943,1558,978,1558,2715229216,0xA1D71C20,3514085743,0xD174B16F,1480875761,0x58445EF1,184422646,0x0AFE10F6,937796022,0x37E5A1B6,462532631,0x1B91B017,1965245292,0x7523436C,2483381782,0x94056616
217,991121817,0x3B135199,0000010c43fc6f8b,2402,0000010d43fc7943,1569,1007,1569,4103733796,0xF49A0224,4267047910,0xFE55FBE6,603097751,0x23F28A97,2592500612,0x9A866B84,3763447678,0xE051A77E,1115734920,0x4280C388,3864299948,0xE65489AC,2071973369,0x7B7FCDF9
218,991192758,0x3B1466B6,0000010c43fc6f85,4805,0000010d43fc774b,1487,902,1487,2218132808,0x84360548,3317578088,0xC5BE3968,3488263450,0xCFEAAD1A,269940125,0x1016F59D,1195244966,0x473DFDA6,270533690,0x1020043A,4056832949,0xF1CE5BB5,538965659,0x201FF69B
219,991456324,0x3B186C44,0000010c43fc6f8b,201c,0000010d43fc7b43,1399,847,1399,198843424,0x0BDA1C20,4267047910,0xFE55FBE6,944890981,0x3851E465,2276464577,0x87B017C1,760592135,0x2D55B707,159098839,0x097BA7D7,2900768565,0xACE63735,2856360426,0xAA4099EA
220,991528537,0x3B198659,0000010c43fc6f91,2402,0000010d43fc7b43,1426,830,1426,4103733796,0xF49A0224,1575787395,0x5DEC9B83,1159251235,0x4518C523,2239397995,0x857A806B,1380433705,0x5247BF29,276706850,0x107E3622,570477119,0x2200CA3F,466984494,0x1BD59E2E
221,991595922,0x3B1A8D92,0000010c43fc6f8b,2402,0000010d43fc7943,1406,803,1406,4103733796,0xF49A0224,3914784540,0xE956DF1C,593296809,0x235CFDA9,1529348538,0x5B2801BA,1237264889,0x49BF29F9,3447661032,0xCD7F21E8,2225115615,0x84A091DF,527852464,0x1F7663B0
222,991727890,0x3B1C9112,0000010c43fc6f92,c900,0000010d43fc7b43,1490,921,1490,3181773001,0xBDA600C9,3049142707,0xB5BE39B3,2046664077,0x79FD9D8D,427068848,0x19748DB0,4103836163,0xF49B9203,1671627453,0x63A302BD,2070451021,0x7B68934D,1334147411,0x4F857953
223,992182042,0x3B237F1A,0000010c43fc6f92,c807,0000010d43fc7943,1386,809,1386,3895789512,0xE83507C8,3514085743,0xD174B16F,4035493086,0xF088BCDE,3496845654,0xD06DA156,443082228,0x1A68E5F4,2447181632,0x91DD0740,1298600448,0x4D671200,1837462883,0x6D857563
224,992243829,0x3B247075,0000010c43fc6f91,201c,0000010d43fc7943,1333,791,1333,668408864,0x27D71C20,878570651,0x345DEC9B,1008906167,0x3C22AFB7,14642593,0x00DF6DA1,886082281,0x34D08AE9,75261159,0x047C64E7,4026330457,0xEFFCED59,1188649615,0x46D95A8F
225,992314643,0x3B258513,0000010c43fc6f92,c807,0000010d43fc7943,1439,883,1439,3895789512,0xE83507C8,3915570972,0xE962DF1C,293191119,0x1179BDCF,1447623235,0x5648FA43,3547318851,0xD36FCA43,3460703452,0xCE4624DC,1867102229,0x6F49B815,1645682075,0x62171D9B
226,992389012,0x3B26A794,0000010c43fc6f92,c900,0000010d43fc7943,1414,883,1414,3181773001,0xBDA600C9,3134732135,0xBAD83767,2294087372,0x88BCFECC,1782956315,0x6A45C11B,2782877945,0xA5DF58F9,3145712209,0xBB7FC251,2189550,0x002168EE,601526949,0x23DA92A5
227,992462629,0x3B27C725,0000010c43fc6f92,c900,0000010d43fc7b61,1453,871,1453,3181773001,0xBDA600C9,4009086361,0xEEF5CD99,3370905452,0xC8EBEF6C,766812021,0x2DB49F75,1397669649,0x534EBF11,3145712209,0xBB7FC251,3169680384,0xBCED7C00,3793036842,0xE215262A
228,992600067,0x3B29E003,0000010c43fc6f91,2015,0000010d43fc7743,1350,888,1350,3826914592,0xE41A1520,4160415392,0xF7FAE6A0,3269988149,0xC2E80F35,2131262333,0x7F087B7D,3544198053,0xD3402BA5,419445938,0x19003CB2,80354050,0x04CA1B02,2248852264,0x860AC328
229,992939521,0x3B2F0E01,0000010c43fc6f92,c807,0000010d43fc7943,772,811,772,3895789512,0xE83507C8,886959259,0x34DDEC9B,3273886974,0xC3238CFE,2245681653,0x85DA61F5,346576464,0x14A85650,582684544,0x22BB0F80,805624205,0x3004D98D,3666710434,0xDA8D8FA2
230,993000475,0x3B2FFC1B,0000010c43fc6f91,201c,0000010d43fc7943,853,894,853,668408864,0x27D71C20,878570651,0x345DEC9B,1008906231,0x3C22AFF7,3714949629,0xDD6DA1FD,61709438,0x03AD9C7E,3002804028,0xB2FB273C,3071955520,0xB71A5240,2484346844,0x94141FDC
231,993334191,0x3B3513AF,0000010c43fc6f91,2402,0000010d43fc7743,1329,803,1329,3835298340,0xE49A0224,2586246086,0x9A26FBC6,421421332,0x191E6114,91764821,0x05783855,2990779597,0xB243ACCD,1209175375,0x48128D4F,2283104305,0x88156831,4072594600,0xF2BEDCA8
232,994917077,0x3B4D3AD5,0000010c43fc6f8b,2402,0000010d43fc774b,1522,920,1522,1117454884,0x429B0224,462927515,0x1B97B69B,3176358815,0xBD53639F,1839275712,0x6DA11EC0,1315920819,0x4E6F5BB3,2453937057,0x92441BA1,2728194941,0xA29CF37D,1211443776,0x48352A40
233,995205550,0x3B51A1AE,0000010c43fc6f91,2402,0000010d43fc7b43,1365,847,1365,1285227044,0x4C9B0224,266169866,0x0FDD6E0A,4220781440,0xFB940380,1222667720,0x48E06DC8,1600346585,0x5F6359D9,1155969189,0x44E6B0A5,740454232,0x2C226F58,1467697701,0x577B4A25
234,996300236,0x3B6255CC,0000010c43fc6f8b,2015,0000010d43fc7743,1528,1002,1528,3826914592,0xE41A1520,1746594843,0x681AEC1B,3273912970,0xC323F28A,4201688790,0xFA70AED6,2510103149,0x959D226D,294798563,0x119244E3,3264114489,0xC28E6F39,2074637467,0x7BA8749B
235,1008888889,0x3C226C39,0000010c43fc6f91,201c,0000010d43fc7961,775,809,775,2815892512,0xA7D71C20,1293417446,0x4D17FBE6,293193019,0x1179C53B,1320322330,0x4EB2851A,2374699803,0x8D8B0B1B,220202040,0x0D200438,1054957142,0x3EE15E56,1874209084,0x6FB6293C
236,1008932320,0x3C2315E0,0000010c43fc6f85,4805,0000010d43fc7761,842,822,842,2486568264,0x94360548,4221972663,0xFBA630B7,2323068662,0x8A7736F6,4027086857,0xF0087809,3190385849,0xBE296CB9,1258299744,0x4B002160,2370419093,0x8D49B995,1038673556,0x3DE8E694
237,1009048025,0x3C24D9D9,0000010c43fc6f91,2402,0000010d43fc7943,1125,794,1125,1117454884,0x429B0224,3056114863,0xB6289CAF,2535127956,0x971AFB94,200091422,0x0BED271E,1557348501,0x5CD34095,4294967295,0xFFFFFFFF,833653627,0x31B08B7B,3205562030,0xBF10FEAE
238,1009109462,0x3C25C9D6,0000010c43fc6f8b,2402,0000010d43fc7743,1265,760,1265,4103733796,0xF49A0224,3514085743,0xD174B16F,2017746543,0x78445E6F,2824779264,0xA85EB600,1583043548,0x5E5B53DC,4294967295,0xFFFFFFFF,1860441327,0x6EE414EF,2032042034,0x791E8032
239,1009308466,0x3C28D332,0000010c43fc6f92,c900,0000010d43fc754b,1405,744,1405,3181773001,0xBDA600C9,2858990296,0xAA68BAD8,818095090,0x30C323F2,180734742,0x0AC5CB16,1812714838,0x6C0BD556,2191561,0x002170C9,1863083518,0x6F0C65FE,3705290345,0xDCDA3E69
240,1009497383,0x3C2BB527,0000010c43fc6f91,2402,0000010d43fc7743,1408,924,1408,4103733796,0xF49A0224,402347702,0x17FB56B6,2042968859,0x79C53B1B,1336371853,0x4FA76A8D,1723893133,0x66C0858D,864030944,0x338010E0,2117496708,0x7E366F84,4239439702,0xFCB0B756
241,1009567195,0x3C2CC5DB,0000010c43fc6f91,2402,0000010d43fc7761,1419,815,1419,4103733796,0xF49A0224,3723254713,0xDDEC5BB9,3826642796,0xE415EF6C,978545644,0x3A536BEC,3322353462,0xC6071736,268623032,0x1002DCB8,2044304092,0x79D99ADC,3398260743,0xCA8D5807
242,1009704633,0x3C2EDEB9,0000010c43fc6f91,2402,0000010d43fc7743,1545,961,1545,4103733796,0xF49A0224,4009135511,0xEEF68D97,4069156662,0xF28A6736,1839332804,0x6DA1FDC4,1292064184,0x4D0355B8,1349362820,0x506DA484,3374284816,0xC91F8010,3067197394,0xB6D1B7D2
243,1009842793,0x3C30FA69,0000010c43fc6f91,2402,0000010d43fc7743,1494,926,1494,4103733796,0xF49A0224,2724835951,0xA269B26F,434555883,0x19E6CBEB,9148171,0x008B970B,4139824625,0xF6C0B5F1,796922040,0x2F8010B8,3838118880,0xE4C50BE0,622291028,0x25176854
244,1009989138,0x3C333612,0000010c43fc6f92,c900,0000010d43fc7543,1708,1206,1708,3114664137,0xB9A600C9,1171506622,0x45D3C5BE,3273912954,0xC323F27A,3161194782,0xBC6C011E,2989313243,0xB22D4CDB,2214612846,0x84004F6E,1197151171,0x475B13C3,1035940248,0x3DBF3198
245,1010240040,0x3C370A28,0000010c43fc6f85,4805,0000010d43fc7761,1709,1162,1709,3912566088,0xE9350548,3134863150,0xBADA372E,77059072,0x0497D400,3119693252,0xB9F2BDC4,19907048,0x012FC1E8,2515426201,0x95EE5B99,315789963,0x12D2928B,3257298703,0xC2266F0F
246,1010322218,0x3C384B2A,0000010c43fc6f91,2402,0000010d43fc7761,1578,1166,1578,4103733796,0xF49A0224,3196812659,0xBE8B7D73,3796169046,0xE244F156,979569645,0x3A630BED,2564764983,0x98DF3537,1074322546,0x4008DC72,2036560073,0x796370C9,2168997672,0x81484728
247,1010399932,0x3C397ABC,0000010c43fc6f91,2402,0000010d43fc7761,1530,1055,1530,4103733796,0xF49A0224,939247141,0x37FBC625,4069168922,0xF28A971A,266342800,0x0FE01190,3744104920,0xDF2A81D8,2926335136,0xAE6C54A0,3745912481,0xDF4616A1,1343548575,0x5014EC9F
248,1010784178,0x3C3F57B2,0000010c43fc6f85,4805,0000010d43fc7543,1588,999,1588,3358917960,0xC8350548,714758126,0x2A9A57EE,2252858613,0x8647E4F5,18763477,0x011E4ED5,530346723,0x1F9C72E3,1394513974,0x531E9836,1912550182,0x71FF3326,2617031405,0x9BFCBAED
249,1011139367,0x3C44C327,0000010c43fc6f8b,2402,0000010d43fc774b,1391,805,1391,4103733796,0xF49A0224,2858990296,0xAA68BAD8,3346302123,0xC77484AB,2100978573,0x7D3A638D,3535081751,0xD2B51117,3259859406,0xC24D81CE,2240242304,0x85876280,1867986774,0x6F573756
250,1011271756,0x3C46C84C,0000010c43fc6f91,2402,0000010d43fc7943,1444,877,1444,1117454884,0x429B0224,4134396306,0xF66DE192,2323068662,0x8A7736F6,656277807,0x271E012F,447255165,0x1AA8927D,928170693,0x3752C2C5,3633452099,0xD8921443,4172888353,0xF8B93921
251,1011544439,0x3C4AF177,0000010c43fc6f92,c900,0000010d43fc7543,1509,872,1509,3114664137,0xB9A600C9,878570523,0x345DEC1B,1008906231,0x3C22AFF7,2182080362,0x820FE76A,3322398684,0xC607C7DC,1920671851,0x727B206B,3355523294,0xC80138DE,2087436910,0x7C6BC26E
252,1011616079,0x3C4C094F,0000010c43fc6f92,c900,0000010d43fc7543,1422,794,1422,3500540105,0xD0A600C9,3551903409,0xD3B5BEB1,4193417887,0xF9F27A9F,37526699,0x023C9CAB,2619025838,0x9C1B29AE,1890256810,0x70AB07AA,1308623108,0x4E000104,1999831444,0x77330194
253,1011760618,0x3C4E3DEA,0000010c43fc6f85,4805,0000010d43fc7743,1413,879,1413,3912566088,0xE9350548,3742795129,0xDF168579,2020041631,0x7867639F,2947960847,0xAFB6500F,3610529925,0xD7345085,3267711744,0xC2C55300,984904993,0x3AB47521,923095582,0x3705521E
254,1011830341,0x3C4F4E45,0000010c43fc6f8b,2402,0000010d43fc7743,1370,856,1370,4103733796,0xF49A0224,2794159475,0xA68B7D73,2294080157,0x88BCE29D,5203818,0x004F676A,2995588878,0xB28D0F0E,4150658320,0xF7660510,3353327398,0xC7DFB726,1527794194,0x5B104A12
255,1011900377,0x3C505FD9,0000010c43fc6f92,c900,0000010d43fc7761,1407,881,1407,3181773001,0xBDA600C9,1476118053,0x57FBC625,3826585397,0xE4150F35,3772890202,0xE0E1BC5A,1772131822,0x69A095EE,2086851720,0x7C62D488,248050501,0x0EC8F345,2180735933,0x81FB63BD
256,1012108060,0x3C538B1C,0000010c43fc6f92,c900,0000010d43fc754b,1419,957,1419,3181773001,0xBDA600C9,878570651,0x345DEC9B,512874463,0x1E91D7DF,290504044,0x1150BD6C,1536702066,0x5B983672,3162046852,0xBC790184,4248094530,0xFD34C742,1532804751,0x5B5CBE8F
257,1012267517,0x3C55F9FD,0000010c43fc6f91,2402,0000010d43fc774b,1508,1216,1508,3835298340,0xE49A0224,3915833176,0xE966DF58,1192803791,0x4718BDCF,3770923354,0xE0C3B95A,1090891898,0x4105B07A,456770924,0x1B39C56C,1810525517,0x6BEA6D4D,11024381,0x00A837FD
258,1012393593,0x3C57E679,0000010c43fc6f92,c900,0000010d43fc754b,1209,933,1209,3114664137,0xB9A600C9,1429528043,0x5534DDEB,863585374,0x3379445E,767607689,0x2DC0C389,2204855820,0x836B6E0C,4131444372,0xF640D694,3085728497,0xB7EC7AF1,3887567213,0xE7B7916D
259,1012570507,0x3C5A998B,0000010c43fc6f8b,2402,0000010d43fc7743,782,782,782,4103733796,0xF49A0224,402384544,0x17FBE6A0,3841296154,0xE4F5871A,2914099173,0xADB19FE5,121000540,0x0736525C,283166445,0x10E0C6ED,1704710961,0x659BD331,14453615,0x00DC8B6F
260,1012592845,0x3C5AF0CD,0000010c43fc6f8b,2402,0000010d43fc7961,919,934,919,4103733796,0xF49A0224,3134732135,0xBAD83767,3358318297,0xC82BDED9,2452476960,0x922DD420,1549588552,0x5C5CD848,2211985,0x0021C091,2623146463,0x9C5A09DF,3010391042,0xB36EEC02
261,1012659953,0x3C5BF6F1,0000010c43fc6f85,4805,0000010d42b921cc,6891,914,6891,2218132808,0x84360548,4136486396,0xF68DC5FC,2323068662,0x8A7736F6,328171580,0x138F803C,4003185302,0xEE9BC296,3154382850,0xBC041002,1895825408,0x71000000,3649900493,0xD98D0FCD
262,1012804752,0x3C5E2C90,0000010c43fc6f91,2402,0000010d43fc7943,1254,24160,1254,1117454884,0x429B0224,3056114863,0xB6289CAF,2266692500,0x871AFB94,766812024,0x2DB49F78,2926158026,0xAE69A0CA,2053167688,0x7A60DA48,4127408161,0xF6034021,3507114034,0xD10A5032
263,1012882772,0x3C5F5D54,0000010c43fc6f8b,2402,0000010d43fc7743,1374,925,1374,4103733796,0xF49A0224,3514085743,0xD174B16F,2017746543,0x78445E6F,2824779264,0xA85EB600,1583043548,0x5E5B53DC,947036935,0x3872A307,3058105926,0xB646FE46,1729589067,0x67176F4B
264,1013589920,0x3C6A27A0,0000010c43fc6f91,2402,0000010d43fc7743,1664,1062,1664,4103733796,0xF49A0224,2935393687,0xAEF68D97,4069160758,0xF28A7736,1516453873,0x5A633FF1,3544225261,0xD34095ED,1411066337,0x541B29E1,2408333912,0x8F8C4258,197181180,0x0BC0BEFC
265,1013755944,0x3C6CB028,0000010c43fc6f91,2402,0000010d43fc7743,1583,25946,1583,3835298340,0xE49A0224,357405565,0x154D937D,818117753,0x30C37C79,1409330071,0x5400AB97,2180432053,0x81F6C0B5,925859856,0x372F8010,3163029952,0xBC8801C0,4223215973,0xFBB92965
266,1014206794,0x3C73914A,0000010c43fc6f85,4805,0000010d43fc7761,1646,13581,1646,3912566088,0xE9350548,3134863150,0xBADA372E,3358318297,0xC82BDED9,2986702904,0xB2057838,525692186,0x1F556D1A,2340900716,0x8B874F6C,3573690604,0xD50230EC,621837753,0x25107DB9
267,1014307116,0x3C75192C,0000010c43fc6f91,2402,0000010d43fc7761,1707,14999,1707,4103733796,0xF49A0224,2794159475,0xA68B7D73,293193035,0x1179C54B,1488805104,0x58BD5CF0,3062223245,0xB685D18D,608952317,0x244BDFFD,3793919854,0xE2229F6E,353795837,0x15167EFD
268,1014493863,0x3C77F2A7,0000010c43fc6f91,201c,0000010d43fc7943,1687,1126,1687,2715229216,0xA1D71C20,3586060786,0xD5BEF1F2,1585424817,0x5E7FA9B1,905319311,0x35F6138F,1536770156,0x5B99406C,318129007,0x12F6436F,2435710372,0x912DFDA4,2663767368,0x9EC5DD48
269,1014868991,0x3C7DABFF,0000010c43fc6f85,4805,0000010d43fc7562,1656,1086,1656,3358917960,0xC8350548,2725895549,0xA279DD7D,2961751294,0xB088BCFE,1812012622,0x6C011E4E,3124574437,0xBA3D38E5,937787754,0x37E5816A,3119575766,0xB9F0F2D6,567360898,0x21D13D82
270,1015142177,0x3C81D721,0000010c43fc6f85,4039,0000010d43fc7943,1567,14158,1567,648952128,0x26AE3940,4267047878,0xFE55FBC6,1147072972,0x445EF1CC,2407569248,0x8F809760,1793051141,0x6ADFCA05,3651682367,0xD9A8403F,1176984757,0x46275CB5,2183614159,0x82274ECF
271,1015227502,0x3C83246E,0000010c43fc6f91,2402,0000010d43fc7943,1507,13671,1507,1117454884,0x429B0224,2081946598,0x7C17FBE6,579658413,0x228CE2AD,3550074472,0xD399D668,3224822498,0xC036E2E2,1711284672,0x660021C0,120587409,0x07300491,3173523436,0xBD281FEC
272,1015305034,0x3C84534A,0000010c43fc6f8b,2402,0000010d43fc7743,1451,915,1451,4103733796,0xF49A0224,3552951849,0xD3C5BE29,593282379,0x235CC54B,879488039,0x346BEC27,2244433590,0x85C756B6,1084216539,0x409FD4DB,484207242,0x1CDC6A8A,3539677957,0xD2FB3305
273,1015483833,0x3C870DB9,0000010c43fc6f91,2402,0000010d43fc7743,1594,934,1594,4103733796,0xF49A0224,1843499743,0x6DE192DF,2000090665,0x7736F629,503394081,0x1E012F21,1437757292,0x55B26F6C,1253603337,0x4AB87809,0,0x00000000,268401003,0x0FFF796B
274,1015642777,0x3C897A99,0000010c43fc6f92,c900,0000010d43d8418c,7582,22653,7582,3047555273,0xB5A600C9,1789947740,0x6AB06F5C,2021970427,0x7884D1FB,1042282,0x000FE76A,3079836214,0xB7929236,1531163256,0x5B43B278,185842652,0x0B13BBDC,1825342744,0x6CCC8518
275,1015790233,0x3C8BBA99,0000010c43fc6f92,c900,0000010d43fc7543,1508,950,1508,3114664137,0xB9A600C9,878570523,0x345DEC1B,1008906231,0x3C22AFF7,188652631,0x0B3E9C57,2366607033,0x8D0F8EB9,3841343702,0xE4F640D6,951854848,0x38BC2700,2323458245,0x8A7D28C5
276,1015865840,0x3C8CE1F0,0000010c43fc6f92,c900,0000010d43fc7543,1585,1069,1585,3181773001,0xBDA600C9,4009070021,0xEEF58DC5,2446850924,0x91D7FB6C,4033916630,0xF070AED6,1856288934,0x6EA4B8A6,1459206454,0x56F9B936,1368541026,0x51924762,519329529,0x1EF456F9
277,1016027280,0x3C8F5890,0000010c43fc6f85,4805,0000010d43fc7743,1514,937,1514,3912566088,0xE9350548,3742795129,0xDF168579,2020041631,0x7867639F,2947960847,0xAFB6500F,3610529925,0xD7345085,152522497,0x09174F01,3599261879,0xD68860B7,1867241805,0x6F4BD94D
278,1016111755,0x3C90A28B,0000010c43fc6f8b,2402,0000010d427a6bd6,23707,20194,23707,4103733796,0xF49A0224,2794159475,0xA68B7D73,2294080157,0x88BCE29D,5203818,0x004F676A,2995588878,0xB28D0F0E,2601861128,0x9B154008,3254779904,0xC2000000,3369166502,0xC8D166A6
279,1016198368,0x3C91F4E0,0000010c43fc6f92,c900,0000010d43fc7761,1438,12435,1438,3181773001,0xBDA600C9,1476118053,0x57FBC625,3826585397,0xE4150F35,3772890202,0xE0E1BC5A,1772131822,0x69A095EE,2303795986,0x89512312,1927960075,0x72EA560B,207988846,0x0C65A86E
280,1016440015,0x3C95A4CF,0000010c43fc6f92,c900,0000010d4290e418,8421,867,8421,3181773001,0xBDA600C9,1757075511,0x68BAD837,1008906175,0x3C22AFBF,72626011,0x04542F5B,1818352232,0x6C61DA68,4091938064,0xF3E60510,894810765,0x3555BA8D,1081501367,0x407666B7
281,1016594161,0x3C97FEF1,0000010c43fc6f91,2402,0000010d4368721f,7677,894,7677,3835298340,0xE49A0224,2608685873,0x9B7D6331,1643396635,0x61F43E1B,2084067179,0x7C38576B,825704111,0x31373EAF,3224584882,0xC03342B2,208347191,0x0C6B2037,3421599075,0xCBF17563
